text,id,tweet,tweet_token
I hate niggas like they make me sick tew my stomachü§Æ,1368335577909723138,I hate niggas like they make me sick tew my stomachü§Æ,"['I', 'hate', 'niggas', 'like', 'they', 'make', 'me', 'sick', 'tew', 'my', 'stomachü§Æ']"
@Percy0811 @Pharmdca IMO it‚Äôs not the masks. More people washing hands. More sick people staying home and very few sick people going to work. I can‚Äôt tell you how many times people came into work sick because it was encouraged or they had no PTO and WFH wasn‚Äôt an option,1368335576911413249,@Percy0811 @Pharmdca IMO it's not the masks. More people washing hands. More sick people staying home and very few sick people going to work. I can't tell you how many times people came into work sick because it was encouraged or they had no PTO and WFH wasn't an option,"['@USER', '@USER', 'IMO', ""it's"", 'not', 'the', 'masks', '.', 'More', 'people', 'washing', 'hands', '.', 'More', 'sick', 'people', 'staying', 'home', 'and', 'very', 'few', 'sick', 'people', 'going', 'to', 'work', '.', 'I', ""can't"", 'tell', 'you', 'how', 'many', 'times', 'people', 'came', 'into', 'work', 'sick', 'because', 'it', 'was', 'encouraged', 'or', 'they', 'had', 'no', 'PTO', 'and', 'WFH', ""wasn't"", 'an', 'option']"
"Another tweet from a hateful, rage-filled, semi-human who cares nothing for the peop0le of her district, and would just as soon see them go broke, get sick and die!!! https://t.co/4iohqFoWaA",1368335575644659715,"Another tweet from a hateful, rage-filled, semi-human who cares nothing for the peop0le of her district, and would just as soon see them go broke, get sick and die!!! https://t.co/4iohqFoWaA","['Another', 'tweet', 'from', 'a', 'hateful', ',', 'rage-filled', ',', 'semi-human', 'who', 'cares', 'nothing', 'for', 'the', 'peop0le', 'of', 'her', 'district', ',', 'and', 'would', 'just', 'as', 'soon', 'see', 'them', 'go', 'broke', ',', 'get', 'sick', 'and', 'die', '!', '!', '!', 'HTTPURL']"
@newsmax He makes me sick ü§¢,1368335572931117056,@newsmax He makes me sick ü§¢,"['@USER', 'He', 'makes', 'me', 'sick', 'ü§¢']"
I think it‚Äôs time to move on from bowling. So sick of this bullshit.,1368335571605655561,I think it's time to move on from bowling. So sick of this bullshit.,"['I', 'think', ""it's"", 'time', 'to', 'move', 'on', 'from', 'bowling', '.', 'So', 'sick', 'of', 'this', 'bullshit', '.']"
@BiggPapaShel Makes me sick,1368335561061138432,@BiggPapaShel Makes me sick,"['@USER', 'Makes', 'me', 'sick']"
@harmonyjayla Sick as fuck and two are girls I know ü§Æ,1368335559584747520,@harmonyjayla Sick as fuck and two are girls I know ü§Æ,"['@USER', 'Sick', 'as', 'fuck', 'and', 'two', 'are', 'girls', 'I', 'know', 'ü§Æ']"
@JMBillington I'm just blocking any and all of these KBF/Oakeshot/Grimes type twats on sight. Just reading the replies makes me feel a bit sick.,1368335551670194179,@JMBillington I'm just blocking any and all of these KBF/Oakeshot/Grimes type twats on sight. Just reading the replies makes me feel a bit sick.,"['@USER', ""I'm"", 'just', 'blocking', 'any', 'and', 'all', 'of', 'these', 'KBF/Oakeshot/Grimes', 'type', 'twats', 'on', 'sight', '.', 'Just', 'reading', 'the', 'replies', 'makes', 'me', 'feel', 'a', 'bit', 'sick', '.']"
"@Daily_Express Charity begins at home with those two. I will not enrich them any further by watching, nor will I enable them like Oprah &amp; the rest of you are doing. CBS will not be getting the ratings from our TV sets, friends, families, companies &amp; neighbors here. We are sick of all the lies.",1368335549929521154,"@Daily_Express Charity begins at home with those two. I will not enrich them any further by watching, nor will I enable them like Oprah &amp; the rest of you are doing. CBS will not be getting the ratings from our TV sets, friends, families, companies &amp; neighbors here. We are sick of all the lies.","['@USER', 'Charity', 'begins', 'at', 'home', 'with', 'those', 'two', '.', 'I', 'will', 'not', 'enrich', 'them', 'any', 'further', 'by', 'watching', ',', 'nor', 'will', 'I', 'enable', 'them', 'like', 'Oprah', '&amp;', 'the', 'rest', 'of', 'you', 'are', 'doing', '.', 'CBS', 'will', 'not', 'be', 'getting', 'the', 'ratings', 'from', 'our', 'TV', 'sets', ',', 'friends', ',', 'families', ',', 'companies', '&amp;', 'neighbors', 'here', '.', 'We', 'are', 'sick', 'of', 'all', 'the', 'lies', '.']"
@MoMoRice69 Oh hell naw he SICK,1368335544401461250,@MoMoRice69 Oh hell naw he SICK,"['@USER', 'Oh', 'hell', 'naw', 'he', 'SICK']"
sick https://t.co/V78MJw7Atx,1368335532124741632,sick https://t.co/V78MJw7Atx,"['sick', 'HTTPURL']"
"@JeMari81 Never. And never ü§îüòÇI refuse. If I feel sick,I might. I dont. So I wont. Simple.",1368335530056851458,"@JeMari81 Never. And never ü§îüòÇI refuse. If I feel sick,I might. I dont. So I wont. Simple.","['@USER', 'Never', '.', 'And', 'never', 'ü§îüòÇI', 'refuse', '.', 'If', 'I', 'feel', 'sick', ',', 'I', 'might', '.', 'I', 'dont', '.', 'So', 'I', 'wont', '.', 'Simple', '.']"
"@theogkarenica @CandySmith74 @SisterDawnMarie It's a ""clump of cells"" at 39 weeks pregnant??  This is a ""Clump of Cells"" at 16 weeks, that was aborted through ""Salt Poisoning"", method? Do it look like a ""Clump of Cells""? Second Image.   Former Abortionists would not agree that it is a ""Clump of Cells"" all.................... https://t.co/poIntgChGE",1368335522733563905,"@theogkarenica @CandySmith74 @SisterDawnMarie It's a ""clump of cells"" at 39 weeks pregnant??  This is a ""Clump of Cells"" at 16 weeks, that was aborted through ""Salt Poisoning"", method? Do it look like a ""Clump of Cells""? Second Image.   Former Abortionists would not agree that it is a ""Clump of Cells"" all.................... https://t.co/poIntgChGE","['@USER', '@USER', '@USER', ""It's"", 'a', '""', 'clump', 'of', 'cells', '""', 'at', '39', 'weeks', 'pregnant', '?', '?', 'This', 'is', 'a', '""', 'Clump', 'of', 'Cells', '""', 'at', '16', 'weeks', ',', 'that', 'was', 'aborted', 'through', '""', 'Salt', 'Poisoning', '""', ',', 'method', '?', 'Do', 'it', 'look', 'like', 'a', '""', 'Clump', 'of', 'Cells', '""', '?', 'Second', 'Image', '.', 'Former', 'Abortionists', 'would', 'not', 'agree', 'that', 'it', 'is', 'a', '""', 'Clump', 'of', 'Cells', '""', 'all', '.', '.', '.', '.', '.', '.', '.', '.', '.', '.', '.', '.', '.', '.', '.', '.', '.', '.', '.', '.', 'HTTPURL']"
Girl in the basement was a good movie. It‚Äôs crazy how SICK ppl are... Then I watched the documentaries afterwards shit was even more sad.,1368335507395129356,Girl in the basement was a good movie. It's crazy how SICK ppl are... Then I watched the documentaries afterwards shit was even more sad.,"['Girl', 'in', 'the', 'basement', 'was', 'a', 'good', 'movie', '.', ""It's"", 'crazy', 'how', 'SICK', 'ppl', 'are', '.', '.', '.', 'Then', 'I', 'watched', 'the', 'documentaries', 'afterwards', 'shit', 'was', 'even', 'more', 'sad', '.']"
@australian Great move by Federal Gov..the less we do with China the better.....sick of our country being held economically hostage by this communist regime...,1368335507021647872,@australian Great move by Federal Gov..the less we do with China the better.....sick of our country being held economically hostage by this communist regime...,"['@USER', 'Great', 'move', 'by', 'Federal', 'Gov', '.', '.', 'the', 'less', 'we', 'do', 'with', 'China', 'the', 'better', '.', '.', '.', '.', '.', 'sick', 'of', 'our', 'country', 'being', 'held', 'economically', 'hostage', 'by', 'this', 'communist', 'regime', '.', '.', '.']"
"Right now, blue crew seniors are being formally recognized at senior night next to Mitch Ballock. I‚Äôm sick to my stomach",1368335487765733378,"Right now, blue crew seniors are being formally recognized at senior night next to Mitch Ballock. I'm sick to my stomach","['Right', 'now', ',', 'blue', 'crew', 'seniors', 'are', 'being', 'formally', 'recognized', 'at', 'senior', 'night', 'next', 'to', 'Mitch', 'Ballock', '.', ""I'm"", 'sick', 'to', 'my', 'stomach']"
Sick bunch. https://t.co/rOU9K3xvRC,1368335473752563718,Sick bunch. https://t.co/rOU9K3xvRC,"['Sick', 'bunch', '.', 'HTTPURL']"
You make me sick. I follow to understand liberal views and because you are smart. But this petty BS reminds me of Trump. Get a grip. https://t.co/PMn1mszVXP,1368335473614159875,You make me sick. I follow to understand liberal views and because you are smart. But this petty BS reminds me of Trump. Get a grip. https://t.co/PMn1mszVXP,"['You', 'make', 'me', 'sick', '.', 'I', 'follow', 'to', 'understand', 'liberal', 'views', 'and', 'because', 'you', 'are', 'smart', '.', 'But', 'this', 'petty', 'BS', 'reminds', 'me', 'of', 'Trump', '.', 'Get', 'a', 'grip', '.', 'HTTPURL']"
@iPhongXr @mightbesav I‚Äôm sick to my stomach drake,1368335465141698567,@iPhongXr @mightbesav I'm sick to my stomach drake,"['@USER', '@USER', ""I'm"", 'sick', 'to', 'my', 'stomach', 'drake']"
"Sick of putting effort in with people in my life who don‚Äôt do it in return, OVER it hun x",1368335463694675973,"Sick of putting effort in with people in my life who don't do it in return, OVER it hun x","['Sick', 'of', 'putting', 'effort', 'in', 'with', 'people', 'in', 'my', 'life', 'who', ""don't"", 'do', 'it', 'in', 'return', ',', 'OVER', 'it', 'hun', 'x']"
"@Levi_DrinksTea ""Who is sick? The Cadets?""",1368335449148829700,"@Levi_DrinksTea ""Who is sick? The Cadets?""","['@USER', '""', 'Who', 'is', 'sick', '?', 'The', 'Cadets', '?', '""']"
no the fact that ariana was tweeting out apologies for cancelling promo because her grandpa was sick is really all that needs to be put on scooter braun's ticket to hell,1368335446829305856,no the fact that ariana was tweeting out apologies for cancelling promo because her grandpa was sick is really all that needs to be put on scooter braun's ticket to hell,"['no', 'the', 'fact', 'that', 'ariana', 'was', 'tweeting', 'out', 'apologies', 'for', 'cancelling', 'promo', 'because', 'her', 'grandpa', 'was', 'sick', 'is', 'really', 'all', 'that', 'needs', 'to', 'be', 'put', 'on', 'scooter', ""braun's"", 'ticket', 'to', 'hell']"
"At first I wanted to be bone skinny again but I‚Äôm starting to love my body lowkey thick, some of y‚Äôall be looking sick skinny &amp; wow I was sick skinny lol!",1368335445579292677,"At first I wanted to be bone skinny again but I'm starting to love my body lowkey thick, some of y'all be looking sick skinny &amp; wow I was sick skinny lol!","['At', 'first', 'I', 'wanted', 'to', 'be', 'bone', 'skinny', 'again', 'but', ""I'm"", 'starting', 'to', 'love', 'my', 'body', 'lowkey', 'thick', ',', 'some', 'of', ""y'all"", 'be', 'looking', 'sick', 'skinny', '&amp;', 'wow', 'I', 'was', 'sick', 'skinny', 'lol', '!']"
"@HelleneRobins @acraftymom And don‚Äôt forget, admin going into the isolation room, sometimes 6X daily, for students whose teachers send them down sick, donning full PPE to assess with the PH tool, round up siblings, call parents, meet them at the door explain how to get tested (not always well received).",1368335445206171654,"@HelleneRobins @acraftymom And don't forget, admin going into the isolation room, sometimes 6X daily, for students whose teachers send them down sick, donning full PPE to assess with the PH tool, round up siblings, call parents, meet them at the door explain how to get tested (not always well received).","['@USER', '@USER', 'And', ""don't"", 'forget', ',', 'admin', 'going', 'into', 'the', 'isolation', 'room', ',', 'sometimes', '6X', 'daily', ',', 'for', 'students', 'whose', 'teachers', 'send', 'them', 'down', 'sick', ',', 'donning', 'full', 'PPE', 'to', 'assess', 'with', 'the', 'PH', 'tool', ',', 'round', 'up', 'siblings', ',', 'call', 'parents', ',', 'meet', 'them', 'at', 'the', 'door', 'explain', 'how', 'to', 'get', 'tested', '(', 'not', 'always', 'well', 'received', ')', '.']"
"Never in our lifetime have we known anything so disgusting than how sick / incapacitated  disabled and other vulnerable are treated!  If brought up properly you CARE about people who are struggling, you do NOT abuse / remove monies / starve / harm / remove Motability vehicles etc",1368335445185204228,"Never in our lifetime have we known anything so disgusting than how sick / incapacitated  disabled and other vulnerable are treated!  If brought up properly you CARE about people who are struggling, you do NOT abuse / remove monies / starve / harm / remove Motability vehicles etc","['Never', 'in', 'our', 'lifetime', 'have', 'we', 'known', 'anything', 'so', 'disgusting', 'than', 'how', 'sick', '/', 'incapacitated', 'disabled', 'and', 'other', 'vulnerable', 'are', 'treated', '!', 'If', 'brought', 'up', 'properly', 'you', 'CARE', 'about', 'people', 'who', 'are', 'struggling', ',', 'you', 'do', 'NOT', 'abuse', '/', 'remove', 'monies', '/', 'starve', '/', 'harm', '/', 'remove', 'Motability', 'vehicles', 'etc']"
When the NBA funds Brian Kemp‚Äôs re-election because these promoters for Steph Curry sick at all star weekend. https://t.co/m5Fj61yRlM,1368335438851805185,When the NBA funds Brian Kemp's re-election because these promoters for Steph Curry sick at all star weekend. https://t.co/m5Fj61yRlM,"['When', 'the', 'NBA', 'funds', 'Brian', ""Kemp's"", 're-election', 'because', 'these', 'promoters', 'for', 'Steph', 'Curry', 'sick', 'at', 'all', 'star', 'weekend', '.', 'HTTPURL']"
I can‚Äôt stand all that grey decor. it makes me sick.,1368335438482661379,I can't stand all that grey decor. it makes me sick.,"['I', ""can't"", 'stand', 'all', 'that', 'grey', 'decor', '.', 'it', 'makes', 'me', 'sick', '.']"
nah fuck this shit i actually feel sick im logging out that teume is disgusting https://t.co/8foEIFut3e,1368335437962612742,nah fuck this shit i actually feel sick im logging out that teume is disgusting https://t.co/8foEIFut3e,"['nah', 'fuck', 'this', 'shit', 'i', 'actually', 'feel', 'sick', 'im', 'logging', 'out', 'that', 'teume', 'is', 'disgusting', 'HTTPURL']"
@FrankieBorrelli That‚Äôs sick!,1368335437174091780,@FrankieBorrelli That's sick!,"['@USER', ""That's"", 'sick', '!']"
These are sick https://t.co/RKqs1r8y5s,1368335434502135811,These are sick https://t.co/RKqs1r8y5s,"['These', 'are', 'sick', 'HTTPURL']"
I'm so happy that @ShesDarling_ is feeling better. Thank the lord. I felt so bad that Ray was feeling sick. GOD BLESS Ray shes a beautiful woman Love her and I will always support her much love Rayüíòüíòüíòüíòüíòüíòüíòüíò‚ù§‚ù§,1368335434284204033,I'm so happy that @ShesDarling_ is feeling better. Thank the lord. I felt so bad that Ray was feeling sick. GOD BLESS Ray shes a beautiful woman Love her and I will always support her much love Rayüíòüíòüíòüíòüíòüíòüíòüíò‚ù§‚ù§,"[""I'm"", 'so', 'happy', 'that', '@USER', 'is', 'feeling', 'better', '.', 'Thank', 'the', 'lord', '.', 'I', 'felt', 'so', 'bad', 'that', 'Ray', 'was', 'feeling', 'sick', '.', 'GOD', 'BLESS', 'Ray', 'shes', 'a', 'beautiful', 'woman', 'Love', 'her', 'and', 'I', 'will', 'always', 'support', 'her', 'much', 'love', 'Rayüíòüíòüíòüíòüíòüíòüíòüíò‚ù§‚ù§']"
"@MrOlmos Um, if they don‚Äôt want them, couldn‚Äôt they just do the human thing and donate them to a hospital, since Idaho‚Äôs healthcare workers are going to need them when these so called ‚Äúlib owners‚Äù show up in the hospitals sick with the virus?",1368335427552284680,"@MrOlmos Um, if they don't want them, couldn't they just do the human thing and donate them to a hospital, since Idaho's healthcare workers are going to need them when these so called ‚Äúlib owners‚Äù show up in the hospitals sick with the virus?","['@USER', 'Um', ',', 'if', 'they', ""don't"", 'want', 'them', ',', ""couldn't"", 'they', 'just', 'do', 'the', 'human', 'thing', 'and', 'donate', 'them', 'to', 'a', 'hospital', ',', 'since', ""Idaho's"", 'healthcare', 'workers', 'are', 'going', 'to', 'need', 'them', 'when', 'these', 'so', 'called', '‚Äúlib', 'owners‚Äù', 'show', 'up', 'in', 'the', 'hospitals', 'sick', 'with', 'the', 'virus', '?']"
"@JeMari81 Never, won‚Äôt happen unless I‚Äôm really sick...",1368335426243588098,"@JeMari81 Never, won't happen unless I'm really sick...","['@USER', 'Never', ',', ""won't"", 'happen', 'unless', ""I'm"", 'really', 'sick', '.', '.', '.']"
@kroger Please tell me when to shop because I‚Äôm sick and tired of you being out of stuff consistently. It is absolutely ridiculous.,1368335426067529732,@kroger Please tell me when to shop because I'm sick and tired of you being out of stuff consistently. It is absolutely ridiculous.,"['@USER', 'Please', 'tell', 'me', 'when', 'to', 'shop', 'because', ""I'm"", 'sick', 'and', 'tired', 'of', 'you', 'being', 'out', 'of', 'stuff', 'consistently', '.', 'It', 'is', 'absolutely', 'ridiculous', '.']"
Every time Cuomo story comes up I‚Äôm reminded of every man I ever worked for who made sick comments or gave me back rubs at my desk. In those moments I laughed it off but now realize how much this changed the way I work around them and how I felt about myself. It‚Äôs abuse of power!,1368335422875574273,Every time Cuomo story comes up I'm reminded of every man I ever worked for who made sick comments or gave me back rubs at my desk. In those moments I laughed it off but now realize how much this changed the way I work around them and how I felt about myself. It's abuse of power!,"['Every', 'time', 'Cuomo', 'story', 'comes', 'up', ""I'm"", 'reminded', 'of', 'every', 'man', 'I', 'ever', 'worked', 'for', 'who', 'made', 'sick', 'comments', 'or', 'gave', 'me', 'back', 'rubs', 'at', 'my', 'desk', '.', 'In', 'those', 'moments', 'I', 'laughed', 'it', 'off', 'but', 'now', 'realize', 'how', 'much', 'this', 'changed', 'the', 'way', 'I', 'work', 'around', 'them', 'and', 'how', 'I', 'felt', 'about', 'myself', '.', ""It's"", 'abuse', 'of', 'power', '!']"
@AOC You are one sick women.  Good thing you don‚Äôt have kids.  You are clueless,1368335419310411776,@AOC You are one sick women.  Good thing you don't have kids.  You are clueless,"['@USER', 'You', 'are', 'one', 'sick', 'women', '.', 'Good', 'thing', 'you', ""don't"", 'have', 'kids', '.', 'You', 'are', 'clueless']"
@jonallendc @Elex_Michaelson You make me sick. You and your co-author apparently want to diminish his relevance. This country is dealing with the ‚Äúfake news‚Äù and the ‚Äústeal‚Äù and you are attempting to position yourself with the Fox faux news. Congrats. I will never read your üí©book.,1368335418014511104,@jonallendc @Elex_Michaelson You make me sick. You and your co-author apparently want to diminish his relevance. This country is dealing with the ‚Äúfake news‚Äù and the ‚Äústeal‚Äù and you are attempting to position yourself with the Fox faux news. Congrats. I will never read your üí©book.,"['@USER', '@USER', 'You', 'make', 'me', 'sick', '.', 'You', 'and', 'your', 'co-author', 'apparently', 'want', 'to', 'diminish', 'his', 'relevance', '.', 'This', 'country', 'is', 'dealing', 'with', 'the', '‚Äúfake', 'news‚Äù', 'and', 'the', '‚Äústeal‚Äù', 'and', 'you', 'are', 'attempting', 'to', 'position', 'yourself', 'with', 'the', 'Fox', 'faux', 'news', '.', 'Congrats', '.', 'I', 'will', 'never', 'read', 'your', 'üí©book', '.']"
Y‚Äôall are sick üòÇüòÇüòÇ https://t.co/O54OvPWu8N,1368335416164777988,Y'all are sick üòÇüòÇüòÇ https://t.co/O54OvPWu8N,"[""Y'all"", 'are', 'sick', 'üòÇüòÇüòÇ', 'HTTPURL']"
Man poured squid ink into his soda I‚Äôm SICK https://t.co/jPDVEipb48,1368335408086593539,Man poured squid ink into his soda I'm SICK https://t.co/jPDVEipb48,"['Man', 'poured', 'squid', 'ink', 'into', 'his', 'soda', ""I'm"", 'SICK', 'HTTPURL']"
"I need to stop going on walks in the middle of the night when I hit crisis, but I'm so sick of seeing my house every day",1368335407138672642,"I need to stop going on walks in the middle of the night when I hit crisis, but I'm so sick of seeing my house every day","['I', 'need', 'to', 'stop', 'going', 'on', 'walks', 'in', 'the', 'middle', 'of', 'the', 'night', 'when', 'I', 'hit', 'crisis', ',', 'but', ""I'm"", 'so', 'sick', 'of', 'seeing', 'my', 'house', 'every', 'day']"
ma just told me she was sick of me over a missing sock üíÉ  alright-,1368335402109698050,ma just told me she was sick of me over a missing sock üíÉ  alright-,"['ma', 'just', 'told', 'me', 'she', 'was', 'sick', 'of', 'me', 'over', 'a', 'missing', 'sock', 'üíÉ', 'alright-']"
@DidierNuborn Sick,1368335395558162434,@DidierNuborn Sick,"['@USER', 'Sick']"
My Mom is hilarious. She got her second shot on Thursday &amp; asked if I was going to come there and bring her crab shack because she was ‚Äúgoing to be sick‚Äù üò≠,1368335391560933376,My Mom is hilarious. She got her second shot on Thursday &amp; asked if I was going to come there and bring her crab shack because she was ‚Äúgoing to be sick‚Äù üò≠,"['My', 'Mom', 'is', 'hilarious', '.', 'She', 'got', 'her', 'second', 'shot', 'on', 'Thursday', '&amp;', 'asked', 'if', 'I', 'was', 'going', 'to', 'come', 'there', 'and', 'bring', 'her', 'crab', 'shack', 'because', 'she', 'was', '‚Äúgoing', 'to', 'be', 'sick‚Äù', 'üò≠']"
This poor woman went police to report 9 times !!!!Nine!!! They did NOTHING ! WILL THIS MUST BE HAPPEN EVERY FKNG TIME BEFORE POLICE AND GOVERMENT TAKE ACTION TO WOMEN VIOLANCE IN TURKEY?Yes. Because our lifes isnt worth it ? I WANT TO PUKE. #Fight4WomenTurkey #kadƒ±nasiddeteHAYIR https://t.co/duZL26eJzv,1368335388662763521,This poor woman went police to report 9 times !!!!Nine!!! They did NOTHING ! WILL THIS MUST BE HAPPEN EVERY FKNG TIME BEFORE POLICE AND GOVERMENT TAKE ACTION TO WOMEN VIOLANCE IN TURKEY?Yes. Because our lifes isnt worth it ? I WANT TO PUKE. #Fight4WomenTurkey #kadƒ±nasiddeteHAYIR https://t.co/duZL26eJzv,"['This', 'poor', 'woman', 'went', 'police', 'to', 'report', '9', 'times', '!', '!', '!', '!', 'Nine', '!', '!', '!', 'They', 'did', 'NOTHING', '!', 'WILL', 'THIS', 'MUST', 'BE', 'HAPPEN', 'EVERY', 'FKNG', 'TIME', 'BEFORE', 'POLICE', 'AND', 'GOVERMENT', 'TAKE', 'ACTION', 'TO', 'WOMEN', 'VIOLANCE', 'IN', 'TURKEY', '?', 'Yes', '.', 'Because', 'our', 'lifes', 'isnt', 'worth', 'it', '?', 'I', 'WANT', 'TO', 'PUKE', '.', '#Fight4WomenTurkey', '#kadƒ±nasiddeteHAYIR', 'HTTPURL']"
"@nonfrictionary i feel like he flies under the radar because gretchen is also terrible, but she is delusional he‚Äôs just doing it because he can it‚Äôs sick",1368335386968211458,"@nonfrictionary i feel like he flies under the radar because gretchen is also terrible, but she is delusional he's just doing it because he can it's sick","['@USER', 'i', 'feel', 'like', 'he', 'flies', 'under', 'the', 'radar', 'because', 'gretchen', 'is', 'also', 'terrible', ',', 'but', 'she', 'is', 'delusional', ""he's"", 'just', 'doing', 'it', 'because', 'he', 'can', ""it's"", 'sick']"
Sick freak https://t.co/KMWCNbayZC,1368335368949403648,Sick freak https://t.co/KMWCNbayZC,"['Sick', 'freak', 'HTTPURL']"
i‚Äôm sick of these nightmares why can‚Äôt i sleep in peace!!,1368335365136736261,i'm sick of these nightmares why can't i sleep in peace!!,"[""i'm"", 'sick', 'of', 'these', 'nightmares', 'why', ""can't"", 'i', 'sleep', 'in', 'peace', '!', '!']"
@robertjdenault @marcorubio @SenRickScott  Great privilege at 78 to see congress in session on a Sat. working for the people.  Sad it was turned into a partisan shit show.  Telling that their was little discussion on the 83 of $1.2T given to top 1% .  Sick of seeing worthless E.O.  Do your job.,1368335362335072258,@robertjdenault @marcorubio @SenRickScott  Great privilege at 78 to see congress in session on a Sat. working for the people.  Sad it was turned into a partisan shit show.  Telling that their was little discussion on the 83 of $1.2T given to top 1% .  Sick of seeing worthless E.O.  Do your job.,"['@USER', '@USER', '@USER', 'Great', 'privilege', 'at', '78', 'to', 'see', 'congress', 'in', 'session', 'on', 'a', 'Sat', '.', 'working', 'for', 'the', 'people', '.', 'Sad', 'it', 'was', 'turned', 'into', 'a', 'partisan', 'shit', 'show', '.', 'Telling', 'that', 'their', 'was', 'little', 'discussion', 'on', 'the', '83', 'of', '$1', '.', '2T', 'given', 'to', 'top', '1%', '.', 'Sick', 'of', 'seeing', 'worthless', 'E', '.', 'O', '.', 'Do', 'your', 'job', '.']"
"@andivivienneyu  Syrian non citizens. The blame game, victim mentality, sense of entitlement, guilt tripping, moral and emotional blackmail are both psychologically and spiritually sick. This media permeated disease will ensure the preclusion of peace and serenity to the grave.",1368335348946767872,"@andivivienneyu  Syrian non citizens. The blame game, victim mentality, sense of entitlement, guilt tripping, moral and emotional blackmail are both psychologically and spiritually sick. This media permeated disease will ensure the preclusion of peace and serenity to the grave.","['@USER', 'Syrian', 'non', 'citizens', '.', 'The', 'blame', 'game', ',', 'victim', 'mentality', ',', 'sense', 'of', 'entitlement', ',', 'guilt', 'tripping', ',', 'moral', 'and', 'emotional', 'blackmail', 'are', 'both', 'psychologically', 'and', 'spiritually', 'sick', '.', 'This', 'media', 'permeated', 'disease', 'will', 'ensure', 'the', 'preclusion', 'of', 'peace', 'and', 'serenity', 'to', 'the', 'grave', '.']"
"Why are nursery rhymes rooted is the most terrible things, you ppl are sick üòÇ",1368335343909564417,"Why are nursery rhymes rooted is the most terrible things, you ppl are sick üòÇ","['Why', 'are', 'nursery', 'rhymes', 'rooted', 'is', 'the', 'most', 'terrible', 'things', ',', 'you', 'ppl', 'are', 'sick', 'üòÇ']"
@SenTedCruz @BreitbartNews Sick of it,1368335339593428994,@SenTedCruz @BreitbartNews Sick of it,"['@USER', '@USER', 'Sick', 'of', 'it']"
@Acosta @RamblinFoxx He makes me sick. I wish we didn‚Äôt have to hear about him.,1368335334262636545,@Acosta @RamblinFoxx He makes me sick. I wish we didn't have to hear about him.,"['@USER', '@USER', 'He', 'makes', 'me', 'sick', '.', 'I', 'wish', 'we', ""didn't"", 'have', 'to', 'hear', 'about', 'him', '.']"
@one__addiction BUT I HAVE RO GET THEM DONE BY NEXT WEEK OR ILL GET YELLED AT AND THEY MAKE ME FEEL BAD AND I DO LOADS AND THEN MAKE MYSELF SICK IT HAPPENED IN SEPTEMBER,1368335325827829761,@one__addiction BUT I HAVE RO GET THEM DONE BY NEXT WEEK OR ILL GET YELLED AT AND THEY MAKE ME FEEL BAD AND I DO LOADS AND THEN MAKE MYSELF SICK IT HAPPENED IN SEPTEMBER,"['@USER', 'BUT', 'I', 'HAVE', 'RO', 'GET', 'THEM', 'DONE', 'BY', 'NEXT', 'WEEK', 'OR', 'ILL', 'GET', 'YELLED', 'AT', 'AND', 'THEY', 'MAKE', 'ME', 'FEEL', 'BAD', 'AND', 'I', 'DO', 'LOADS', 'AND', 'THEN', 'MAKE', 'MYSELF', 'SICK', 'IT', 'HAPPENED', 'IN', 'SEPTEMBER']"
"""So you need to go and apologize and ask for forgiveness""??? Apologize for what exactly?! This system is really really sick! Egomaniac should stay away from kids https://t.co/5gnDFEA0oM",1368335323772690438,"""So you need to go and apologize and ask for forgiveness""??? Apologize for what exactly?! This system is really really sick! Egomaniac should stay away from kids https://t.co/5gnDFEA0oM","['""', 'So', 'you', 'need', 'to', 'go', 'and', 'apologize', 'and', 'ask', 'for', 'forgiveness', '""', '?', '?', '?', 'Apologize', 'for', 'what', 'exactly', '?', '!', 'This', 'system', 'is', 'really', 'really', 'sick', '!', 'Egomaniac', 'should', 'stay', 'away', 'from', 'kids', 'HTTPURL']"
@hessierlord I hope they get sick form the fumes.,1368335318143823872,@hessierlord I hope they get sick form the fumes.,"['@USER', 'I', 'hope', 'they', 'get', 'sick', 'form', 'the', 'fumes', '.']"
@Larcaukrainian @COPIA_COPMA1 @H5wpRBimQ9FtK02 @mobinsaud You will teach your kids that but not everyone is stupid like you LARCA I don‚Äôt know if you even have kids but clearly that you don‚Äôt know what peace  is and that no matter what you never educate your kid to hate no one...you know that you are sick?,1368335317137260554,@Larcaukrainian @COPIA_COPMA1 @H5wpRBimQ9FtK02 @mobinsaud You will teach your kids that but not everyone is stupid like you LARCA I don't know if you even have kids but clearly that you don't know what peace  is and that no matter what you never educate your kid to hate no one...you know that you are sick?,"['@USER', '@USER', '@USER', '@USER', 'You', 'will', 'teach', 'your', 'kids', 'that', 'but', 'not', 'everyone', 'is', 'stupid', 'like', 'you', 'LARCA', 'I', ""don't"", 'know', 'if', 'you', 'even', 'have', 'kids', 'but', 'clearly', 'that', 'you', ""don't"", 'know', 'what', 'peace', 'is', 'and', 'that', 'no', 'matter', 'what', 'you', 'never', 'educate', 'your', 'kid', 'to', 'hate', 'no', 'one', '.', '.', '.', 'you', 'know', 'that', 'you', 'are', 'sick', '?']"
@ChiIIedOutChris You‚Äôre gonna feel real sick reading my tweets from the moon,1368335316554289152,@ChiIIedOutChris You're gonna feel real sick reading my tweets from the moon,"['@USER', ""You're"", 'gonna', 'feel', 'real', 'sick', 'reading', 'my', 'tweets', 'from', 'the', 'moon']"
The amity affliction sick,1368335297021288448,The amity affliction sick,"['The', 'amity', 'affliction', 'sick']"
I feel like I'm getting sick of everything..!,1368335290138509312,I feel like I'm getting sick of everything..!,"['I', 'feel', 'like', ""I'm"", 'getting', 'sick', 'of', 'everything', '.', '.', '!']"
"@Sarah89brown IMO: a good movie, a poor Godfather movie. Fun fact, Winona Ryder was supposed to be Al Pacino's daughter, but she got sick after Dracula. So the director (same as Dracula) hired his daughter to play the role.",1368335287395512320,"@Sarah89brown IMO: a good movie, a poor Godfather movie. Fun fact, Winona Ryder was supposed to be Al Pacino's daughter, but she got sick after Dracula. So the director (same as Dracula) hired his daughter to play the role.","['@USER', 'IMO', ':', 'a', 'good', 'movie', ',', 'a', 'poor', 'Godfather', 'movie', '.', 'Fun', 'fact', ',', 'Winona', 'Ryder', 'was', 'supposed', 'to', 'be', 'Al', ""Pacino's"", 'daughter', ',', 'but', 'she', 'got', 'sick', 'after', 'Dracula', '.', 'So', 'the', 'director', '(', 'same', 'as', 'Dracula', ')', 'hired', 'his', 'daughter', 'to', 'play', 'the', 'role', '.']"
Can't wait for my dad to tell me that the reason why I'm sick is because I'm on my phone and sleep to much and not the fact that I've been going through the most traumatic successful shit ever for the past fucking year,1368335287303221256,Can't wait for my dad to tell me that the reason why I'm sick is because I'm on my phone and sleep to much and not the fact that I've been going through the most traumatic successful shit ever for the past fucking year,"[""Can't"", 'wait', 'for', 'my', 'dad', 'to', 'tell', 'me', 'that', 'the', 'reason', 'why', ""I'm"", 'sick', 'is', 'because', ""I'm"", 'on', 'my', 'phone', 'and', 'sleep', 'to', 'much', 'and', 'not', 'the', 'fact', 'that', ""I've"", 'been', 'going', 'through', 'the', 'most', 'traumatic', 'successful', 'shit', 'ever', 'for', 'the', 'past', 'fucking', 'year']"
I cried so much that head hurts so bad that I wanna vomit,1368335285801648132,I cried so much that head hurts so bad that I wanna vomit,"['I', 'cried', 'so', 'much', 'that', 'head', 'hurts', 'so', 'bad', 'that', 'I', 'wanna', 'vomit']"
tasted like vomit in case anyone was wondering x,1368335281162653696,tasted like vomit in case anyone was wondering x,"['tasted', 'like', 'vomit', 'in', 'case', 'anyone', 'was', 'wondering', 'x']"
@acechhh Feel sick and maybe call in for tomorrow after getting a raise today  But that looks sus so idk :/,1368335274376331269,@acechhh Feel sick and maybe call in for tomorrow after getting a raise today  But that looks sus so idk :/,"['@USER', 'Feel', 'sick', 'and', 'maybe', 'call', 'in', 'for', 'tomorrow', 'after', 'getting', 'a', 'raise', 'today', 'But', 'that', 'looks', 'sus', 'so', 'idk', ':', '/']"
this nigga has been harrassing me for over a month. i block him and he finds a new platform to harrass me. i‚Äôm really sick of if.,1368335269825495051,this nigga has been harrassing me for over a month. i block him and he finds a new platform to harrass me. i'm really sick of if.,"['this', 'nigga', 'has', 'been', 'harrassing', 'me', 'for', 'over', 'a', 'month', '.', 'i', 'block', 'him', 'and', 'he', 'finds', 'a', 'new', 'platform', 'to', 'harrass', 'me', '.', ""i'm"", 'really', 'sick', 'of', 'if', '.']"
I can‚Äôt be the only one sick of these daily IG message requests https://t.co/MDoco0nx3W,1368335264909848578,I can't be the only one sick of these daily IG message requests https://t.co/MDoco0nx3W,"['I', ""can't"", 'be', 'the', 'only', 'one', 'sick', 'of', 'these', 'daily', 'IG', 'message', 'requests', 'HTTPURL']"
sick.,1368335255615180801,sick.,"['sick', '.']"
That pizza just made me feel sick asfü§¶üèΩ‚Äç‚ôÄÔ∏èü§¶üèΩ‚Äç‚ôÄÔ∏è I should‚Äôve stuck with Pizza Hut,1368335253220298752,That pizza just made me feel sick asfü§¶üèΩ‚Äç‚ôÄÔ∏èü§¶üèΩ‚Äç‚ôÄÔ∏è I should've stuck with Pizza Hut,"['That', 'pizza', 'just', 'made', 'me', 'feel', 'sick', 'asfü§¶üèΩ\u200d‚ôÄÔ∏èü§¶üèΩ\u200d‚ôÄÔ∏è', 'I', ""should've"", 'stuck', 'with', 'Pizza', 'Hut']"
"@Tyler__DeWitt @DetroitRedWings @GEICO The original kings jerseys were purple and yellow in the 1960s, they are pretty sick though",1368335252381372418,"@Tyler__DeWitt @DetroitRedWings @GEICO The original kings jerseys were purple and yellow in the 1960s, they are pretty sick though","['@USER', '@USER', '@USER', 'The', 'original', 'kings', 'jerseys', 'were', 'purple', 'and', 'yellow', 'in', 'the', '1960s', ',', 'they', 'are', 'pretty', 'sick', 'though']"
@iCuddleHalo I‚Äôm fine but I feel sick but I'm alright hbu?,1368335250619691010,@iCuddleHalo I'm fine but I feel sick but I'm alright hbu?,"['@USER', ""I'm"", 'fine', 'but', 'I', 'feel', 'sick', 'but', ""I'm"", 'alright', 'hbu', '?']"
@AZDCSWarriors @maryjpitzl @azcentral @FBI @FBIPhoenix @AZCourts @OIGHHS This article‚§µÔ∏è Nail these assholes at AZ DCS. Sick of their games and BS. @FBI @FBIPhoenix @AHCCCSgov @IRS_CI,1368335239181860864,@AZDCSWarriors @maryjpitzl @azcentral @FBI @FBIPhoenix @AZCourts @OIGHHS This article‚§µÔ∏è Nail these assholes at AZ DCS. Sick of their games and BS. @FBI @FBIPhoenix @AHCCCSgov @IRS_CI,"['@USER', '@USER', '@USER', '@USER', '@USER', '@USER', '@USER', 'This', 'article‚§µÔ∏è', 'Nail', 'these', 'assholes', 'at', 'AZ', 'DCS', '.', 'Sick', 'of', 'their', 'games', 'and', 'BS', '.', '@USER', '@USER', '@USER', '@USER']"
"@Sheila_MRA @JackPosobiec Sick teachers Great example is my school district School has been open/in person since August Except for those additional 10days they closed after Christmas break Why you ask, because so many teachers got infected w/covid the 2wks they were out of school, they couldn't staff them",1368335230566866944,"@Sheila_MRA @JackPosobiec Sick teachers Great example is my school district School has been open/in person since August Except for those additional 10days they closed after Christmas break Why you ask, because so many teachers got infected w/covid the 2wks they were out of school, they couldn't staff them","['@USER', '@USER', 'Sick', 'teachers', 'Great', 'example', 'is', 'my', 'school', 'district', 'School', 'has', 'been', 'open/in', 'person', 'since', 'August', 'Except', 'for', 'those', 'additional', '10days', 'they', 'closed', 'after', 'Christmas', 'break', 'Why', 'you', 'ask', ',', 'because', 'so', 'many', 'teachers', 'got', 'infected', 'w/covid', 'the', '2wks', 'they', 'were', 'out', 'of', 'school', ',', 'they', ""couldn't"", 'staff', 'them']"
i‚Äôm addicted to sushi...it‚Äôs sick y‚Äôall,1368335226645188611,i'm addicted to sushi...it's sick y'all,"[""i'm"", 'addicted', 'to', 'sushi', '.', '.', '.', ""it's"", 'sick', ""y'all""]"
"@BigBlueWaveUSA My daughter has lived in Idaho for three years...she is sick of that kind of crap and moving her family home to Hawaii, where people are normalüòÇ",1368335224048734208,"@BigBlueWaveUSA My daughter has lived in Idaho for three years...she is sick of that kind of crap and moving her family home to Hawaii, where people are normalüòÇ","['@USER', 'My', 'daughter', 'has', 'lived', 'in', 'Idaho', 'for', 'three', 'years', '.', '.', '.', 'she', 'is', 'sick', 'of', 'that', 'kind', 'of', 'crap', 'and', 'moving', 'her', 'family', 'home', 'to', 'Hawaii', ',', 'where', 'people', 'are', 'normalüòÇ']"
@JCrume22 100% makes me sick üòÇ,1368335219632332801,@JCrume22 100% makes me sick üòÇ,"['@USER', '100%', 'makes', 'me', 'sick', 'üòÇ']"
@inebahti I want to vomit.,1368335207347130370,@inebahti I want to vomit.,"['@USER', 'I', 'want', 'to', 'vomit', '.']"
"The male species makes me sick, please get the fuck away from me. Each and everyone of you",1368335204666859521,"The male species makes me sick, please get the fuck away from me. Each and everyone of you","['The', 'male', 'species', 'makes', 'me', 'sick', ',', 'please', 'get', 'the', 'fuck', 'away', 'from', 'me', '.', 'Each', 'and', 'everyone', 'of', 'you']"
FaceTime calls make me sick these days &lt;\3üò¢üòñ,1368335198337736708,FaceTime calls make me sick these days &lt;\3üò¢üòñ,"['FaceTime', 'calls', 'make', 'me', 'sick', 'these', 'days', '&lt;\\3üò¢üòñ']"
"I really just be rambling in interviews, I feel so bad for journalists that have to make sense of my word vomit",1368335197058576384,"I really just be rambling in interviews, I feel so bad for journalists that have to make sense of my word vomit","['I', 'really', 'just', 'be', 'rambling', 'in', 'interviews', ',', 'I', 'feel', 'so', 'bad', 'for', 'journalists', 'that', 'have', 'to', 'make', 'sense', 'of', 'my', 'word', 'vomit']"
akinori getting sick because they stressed themself out too much n yamato making soup n wrapping them in blankies. aki is very insistent that he not get too close but he is equally insistent that the only way to accurately check temperature is with a kiss to the forehead,1368335193740746752,akinori getting sick because they stressed themself out too much n yamato making soup n wrapping them in blankies. aki is very insistent that he not get too close but he is equally insistent that the only way to accurately check temperature is with a kiss to the forehead,"['akinori', 'getting', 'sick', 'because', 'they', 'stressed', 'themself', 'out', 'too', 'much', 'n', 'yamato', 'making', 'soup', 'n', 'wrapping', 'them', 'in', 'blankies', '.', 'aki', 'is', 'very', 'insistent', 'that', 'he', 'not', 'get', 'too', 'close', 'but', 'he', 'is', 'equally', 'insistent', 'that', 'the', 'only', 'way', 'to', 'accurately', 'check', 'temperature', 'is', 'with', 'a', 'kiss', 'to', 'the', 'forehead']"
@leiarebellion Remember in season 6 when it felt like things from all the way back at the start were falling into place and that even though there were some spotty bits it seemed like it was building towards a deliberate and sick as fuck ending?? God what a time,1368335192331485184,@leiarebellion Remember in season 6 when it felt like things from all the way back at the start were falling into place and that even though there were some spotty bits it seemed like it was building towards a deliberate and sick as fuck ending?? God what a time,"['@USER', 'Remember', 'in', 'season', '6', 'when', 'it', 'felt', 'like', 'things', 'from', 'all', 'the', 'way', 'back', 'at', 'the', 'start', 'were', 'falling', 'into', 'place', 'and', 'that', 'even', 'though', 'there', 'were', 'some', 'spotty', 'bits', 'it', 'seemed', 'like', 'it', 'was', 'building', 'towards', 'a', 'deliberate', 'and', 'sick', 'as', 'fuck', 'ending', '?', '?', 'God', 'what', 'a', 'time']"
@MrOlmos I guarantee these are the same asshole who either 1) are anti-vaxxers or 2) will demand to go to the front of the line for vaccines when Grandma gets sick.,1368335191366852613,@MrOlmos I guarantee these are the same asshole who either 1) are anti-vaxxers or 2) will demand to go to the front of the line for vaccines when Grandma gets sick.,"['@USER', 'I', 'guarantee', 'these', 'are', 'the', 'same', 'asshole', 'who', 'either', '1', ')', 'are', 'anti-vaxxers', 'or', '2', ')', 'will', 'demand', 'to', 'go', 'to', 'the', 'front', 'of', 'the', 'line', 'for', 'vaccines', 'when', 'Grandma', 'gets', 'sick', '.']"
@TheRustler83 Pass me the sick bag.,1368335181870993418,@TheRustler83 Pass me the sick bag.,"['@USER', 'Pass', 'me', 'the', 'sick', 'bag', '.']"
@Seb_design @JIDsv @Dreamville that‚Äôs sick wtfff,1368335153186111490,@Seb_design @JIDsv @Dreamville that's sick wtfff,"['@USER', '@USER', '@USER', ""that's"", 'sick', 'wtfff']"
"@forza_support, are you ever going to sort your servers out? Getting sick and tired of being fired off the track by AI that‚Äôs a clear 2/3 car widths away while racing in the Trial or in a Convoy! Makes the game almost unplayable online!",1368335151818752005,"@forza_support, are you ever going to sort your servers out? Getting sick and tired of being fired off the track by AI that's a clear 2/3 car widths away while racing in the Trial or in a Convoy! Makes the game almost unplayable online!","['@USER', 'are', 'you', 'ever', 'going', 'to', 'sort', 'your', 'servers', 'out', '?', 'Getting', 'sick', 'and', 'tired', 'of', 'being', 'fired', 'off', 'the', 'track', 'by', 'AI', ""that's"", 'a', 'clear', '2/3', 'car', 'widths', 'away', 'while', 'racing', 'in', 'the', 'Trial', 'or', 'in', 'a', 'Convoy', '!', 'Makes', 'the', 'game', 'almost', 'unplayable', 'online', '!']"
"@sooner_fan85 @J_Dallas1995 He said wives, in other words his better stay in shape or he has not set (in his mind) biblical president for leaving her. So sick",1368335138162176004,"@sooner_fan85 @J_Dallas1995 He said wives, in other words his better stay in shape or he has not set (in his mind) biblical president for leaving her. So sick","['@USER', '@USER', 'He', 'said', 'wives', ',', 'in', 'other', 'words', 'his', 'better', 'stay', 'in', 'shape', 'or', 'he', 'has', 'not', 'set', '(', 'in', 'his', 'mind', ')', 'biblical', 'president', 'for', 'leaving', 'her', '.', 'So', 'sick']"
@LyftGyft That looks sick. Both Model X and Mach-E colors are https://t.co/j69rnM3AiH,1368335133044969473,@LyftGyft That looks sick. Both Model X and Mach-E colors are https://t.co/j69rnM3AiH,"['@USER', 'That', 'looks', 'sick', '.', 'Both', 'Model', 'X', 'and', 'Mach-E', 'colors', 'are', 'HTTPURL']"
@MrOlmos I'm so sick of conservative cancel culture,1368335127156305920,@MrOlmos I'm so sick of conservative cancel culture,"['@USER', ""I'm"", 'so', 'sick', 'of', 'conservative', 'cancel', 'culture']"
@JackIsDead95 @spousrry @Sniffmydiddle @HAL0HUGZ @mick_tay @zaccooper98 doesnt make slut shaming okay ??? y‚Äôall are sick,1368335122559303682,@JackIsDead95 @spousrry @Sniffmydiddle @HAL0HUGZ @mick_tay @zaccooper98 doesnt make slut shaming okay ??? y'all are sick,"['@USER', '@USER', '@USER', '@USER', '@USER', '@USER', 'doesnt', 'make', 'slut', 'shaming', 'okay', '?', '?', '?', ""y'all"", 'are', 'sick']"
@MrOlmos Lysol is 58% ethanol:  How many COVID deaths are really alcohol poisoning.  There is something amiss.,1368335121758224387,@MrOlmos Lysol is 58% ethanol:  How many COVID deaths are really alcohol poisoning.  There is something amiss.,"['@USER', 'Lysol', 'is', '58%', 'ethanol', ':', 'How', 'many', 'COVID', 'deaths', 'are', 'really', 'alcohol', 'poisoning', '.', 'There', 'is', 'something', 'amiss', '.']"
