text,id,tweet,tweet_token,token_prediction,sentence_prediction,sentence_prediction_prob
"@AdrienneMarie_ And that whole ""pandemic"" thang. That saps us, too (not in context of actually being sick, just the entire shitshow).",1368335115953213443,"@AdrienneMarie_ And that whole ""pandemic"" thang. That saps us, too (not in context of actually being sick, just the entire shitshow).","['@USER', 'And', 'that', 'whole', '""', 'pandemic', '""', 'thang', '.', 'That', 'saps', 'us', ',', 'too', '(', 'not', 'in', 'context', 'of', 'actually', 'being', 'sick', ',', 'just', 'the', 'entire', 'shitshow', ')', '.']","O,O,O,O,O,O,O,O,O,O,O,O,O,O,O,O,O,O,O,O,O,O,O,O,O,O,O,O,O",0,0.99862194
@EricAndAmerican You mean the vomit taste??,1368335112878706688,@EricAndAmerican You mean the vomit taste??,"['@USER', 'You', 'mean', 'the', 'vomit', 'taste', '?', '?']","O,O,O,O,O,O,O,O",0,0.99693006
Ui got nerfed GT got nerfed Kid buu got nerfed Gogeta is sick as fuck I'm harder than fucking diamonds,1368335110160986119,Ui got nerfed GT got nerfed Kid buu got nerfed Gogeta is sick as fuck I'm harder than fucking diamonds,"['Ui', 'got', 'nerfed', 'GT', 'got', 'nerfed', 'Kid', 'buu', 'got', 'nerfed', 'Gogeta', 'is', 'sick', 'as', 'fuck', ""I'm"", 'harder', 'than', 'fucking', 'diamonds']","O,O,O,O,O,O,O,O,O,O,O,O,O,O,O,O,O,O,O,O",0,0.99875045
@AsiaanDoll_ Sick sick girl,1368335101667459073,@AsiaanDoll_ Sick sick girl,"['@USER', 'Sick', 'sick', 'girl']","O,O,O,O",0,0.99890935
I am so depressed that I can't function and my meds aren't doing shit and I'm just so sick of living like this and pretending that I'm fine,1368335095082283010,I am so depressed that I can't function and my meds aren't doing shit and I'm just so sick of living like this and pretending that I'm fine,"['I', 'am', 'so', 'depressed', 'that', 'I', ""can't"", 'function', 'and', 'my', 'meds', ""aren't"", 'doing', 'shit', 'and', ""I'm"", 'just', 'so', 'sick', 'of', 'living', 'like', 'this', 'and', 'pretending', 'that', ""I'm"", 'fine']","O,O,O,O,O,O,O,O,O,O,O,O,O,O,O,O,O,O,O,O,O,O,O,O,O,O,O,O",0,0.9988813
I‚Äôm sick and tired of being sick and tired,1368335093895327744,I'm sick and tired of being sick and tired,"[""I'm"", 'sick', 'and', 'tired', 'of', 'being', 'sick', 'and', 'tired']","O,O,O,O,O,O,O,O,O",0,0.9989513
@AshleyRParker Legislative diarrhea.  You're welcome.,1368335080196775941,@AshleyRParker Legislative diarrhea.  You're welcome.,"['@USER', 'Legislative', 'diarrhea', '.', ""You're"", 'welcome', '.']","O,O,O,O,O,O,O",0,0.9946515
Either If Oh the waves  than the waves on the waves are sick  or the waves on that set are dope .,1368335080054263808,Either If Oh the waves  than the waves on the waves are sick  or the waves on that set are dope .,"['Either', 'If', 'Oh', 'the', 'waves', 'than', 'the', 'waves', 'on', 'the', 'waves', 'are', 'sick', 'or', 'the', 'waves', 'on', 'that', 'set', 'are', 'dope', '.']","O,O,O,O,O,O,O,O,O,O,O,O,O,O,O,O,O,O,O,O,O,O",0,0.99831545
@Katynurse27 @GNev2 Get over yourself where are you going to get another job on that pay with six months full sick pay and 6 months half pay and a great pension deal you need to get in the real world my dear,1368335077822898181,@Katynurse27 @GNev2 Get over yourself where are you going to get another job on that pay with six months full sick pay and 6 months half pay and a great pension deal you need to get in the real world my dear,"['@USER', '@USER', 'Get', 'over', 'yourself', 'where', 'are', 'you', 'going', 'to', 'get', 'another', 'job', 'on', 'that', 'pay', 'with', 'six', 'months', 'full', 'sick', 'pay', 'and', '6', 'months', 'half', 'pay', 'and', 'a', 'great', 'pension', 'deal', 'you', 'need', 'to', 'get', 'in', 'the', 'real', 'world', 'my', 'dear']","O,O,O,O,O,O,O,O,O,O,O,O,O,O,O,O,O,O,O,O,O,O,O,O,O,O,O,O,O,O,O,O,O,O,O,O,O,O,O,O,O,O",0,0.998831
"They suck Tide Pods &amp; drink bleach, it's a miracle these ppl aren't dead from Covid or poisoning themselves or accidentally shooting themselves in the head by now. https://t.co/ZDAzTopnw3",1368335077663518723,"They suck Tide Pods &amp; drink bleach, it's a miracle these ppl aren't dead from Covid or poisoning themselves or accidentally shooting themselves in the head by now. https://t.co/ZDAzTopnw3","['They', 'suck', 'Tide', 'Pods', '&amp;', 'drink', 'bleach', ',', ""it's"", 'a', 'miracle', 'these', 'ppl', ""aren't"", 'dead', 'from', 'Covid', 'or', 'poisoning', 'themselves', 'or', 'accidentally', 'shooting', 'themselves', 'in', 'the', 'head', 'by', 'now', '.', 'HTTPURL']","O,O,O,O,O,O,O,O,O,O,O,O,O,O,O,O,O,O,O,O,O,O,O,O,O,O,O,O,O,O,O",0,0.99785393
"I plan to wear a mask... for a looong time. I've not had one cold OR flu since masking. And we have two young kids at home, both attending in-school 2-3 days each week. I like not getting sick. https://t.co/BCudFSMsJd",1368335057694257153,"I plan to wear a mask... for a looong time. I've not had one cold OR flu since masking. And we have two young kids at home, both attending in-school 2-3 days each week. I like not getting sick. https://t.co/BCudFSMsJd","['I', 'plan', 'to', 'wear', 'a', 'mask', '.', '.', '.', 'for', 'a', 'looong', 'time', '.', ""I've"", 'not', 'had', 'one', 'cold', 'OR', 'flu', 'since', 'masking', '.', 'And', 'we', 'have', 'two', 'young', 'kids', 'at', 'home', ',', 'both', 'attending', 'in-school', '2-3', 'days', 'each', 'week', '.', 'I', 'like', 'not', 'getting', 'sick', '.', 'HTTPURL']","O,O,O,O,O,O,O,O,O,O,O,O,O,O,O,O,O,O,O,O,O,O,O,O,O,O,O,O,O,O,O,O,O,O,O,O,O,O,O,O,O,O,O,O,O,O,O,O",1,0.7413921
"hi? Don't eat late, thank you for working hard, don't get sick, get enough sleep, eat well, and I love youüíñüíñ @treasuremembers",1368335049569935362,"hi? Don't eat late, thank you for working hard, don't get sick, get enough sleep, eat well, and I love youüíñüíñ @treasuremembers","['hi', '?', ""Don't"", 'eat', 'late', ',', 'thank', 'you', 'for', 'working', 'hard', ',', ""don't"", 'get', 'sick', ',', 'get', 'enough', 'sleep', ',', 'eat', 'well', ',', 'and', 'I', 'love', 'youüíñüíñ', '@USER']","O,O,O,O,O,O,O,O,O,O,O,O,O,O,O,O,O,O,O,O,O,O,O,O,O,O,O,O",0,0.9978423
SICK!!! I hope these kids don't get the #TrumpVirus before they have a vaccine for children or get any other contagious disease that these masks might prevent https://t.co/DUl2g78PC0,1368335049179947010,SICK!!! I hope these kids don't get the #TrumpVirus before they have a vaccine for children or get any other contagious disease that these masks might prevent https://t.co/DUl2g78PC0,"['SICK', '!', '!', '!', 'I', 'hope', 'these', 'kids', ""don't"", 'get', 'the', '#TrumpVirus', 'before', 'they', 'have', 'a', 'vaccine', 'for', 'children', 'or', 'get', 'any', 'other', 'contagious', 'disease', 'that', 'these', 'masks', 'might', 'prevent', 'HTTPURL']","O,O,O,O,O,O,O,O,O,O,O,O,O,O,O,O,O,O,O,O,O,O,O,O,O,O,O,O,O,O,O",0,0.99880314
"I'm sensing some people taking sick time for @accuweather ""Spring Fever"" forecast this week! https://t.co/AyKZVNRwR1",1368335046462017536,"I'm sensing some people taking sick time for @accuweather ""Spring Fever"" forecast this week! https://t.co/AyKZVNRwR1","[""I'm"", 'sensing', 'some', 'people', 'taking', 'sick', 'time', 'for', '@USER', '""', 'Spring', 'Fever', '""', 'forecast', 'this', 'week', '!', 'HTTPURL']","O,O,O,O,O,O,O,O,O,O,O,O,O,O,O,O,O,O",0,0.9983773
Ya smoked to fun characters and still aint fix my kiblast? Im sick,1368335043953909766,Ya smoked to fun characters and still aint fix my kiblast? Im sick,"['Ya', 'smoked', 'to', 'fun', 'characters', 'and', 'still', 'aint', 'fix', 'my', 'kiblast', '?', 'Im', 'sick']","O,O,O,O,O,O,O,O,O,O,O,O,O,O",0,0.99782205
"LMAOO this game is sick, god content by @Varsityy9   PLEASE GO FOLLOW HIM HES 2 AWAY FROM 100  https://t.co/CPHFoJmANb https://t.co/VcyjtjGOR6",1368335043366682625,"LMAOO this game is sick, god content by @Varsityy9   PLEASE GO FOLLOW HIM HES 2 AWAY FROM 100  https://t.co/CPHFoJmANb https://t.co/VcyjtjGOR6","['LMAOO', 'this', 'game', 'is', 'sick', ',', 'god', 'content', 'by', '@USER', 'PLEASE', 'GO', 'FOLLOW', 'HIM', 'HES', '2', 'AWAY', 'FROM', '100', 'HTTPURL', 'HTTPURL']","O,O,O,O,O,O,O,O,O,O,O,O,O,O,O,O,O,O,O,O,O",0,0.99850684
@bangtanbangs They're actually sick and don't even like the member at all,1368335042074669058,@bangtanbangs They're actually sick and don't even like the member at all,"['@USER', ""They're"", 'actually', 'sick', 'and', ""don't"", 'even', 'like', 'the', 'member', 'at', 'all']","O,O,O,O,O,O,O,O,O,O,O,O",0,0.99855226
"@RealCryptoFace1 Hey crypto face, your Ferrari is sick. I hope I win!",1368335035464622080,"@RealCryptoFace1 Hey crypto face, your Ferrari is sick. I hope I win!","['@USER', 'Hey', 'crypto', 'face', ',', 'your', 'Ferrari', 'is', 'sick', '.', 'I', 'hope', 'I', 'win', '!']","O,O,O,O,O,O,O,O,O,O,O,O,O,O,O",0,0.9979341
"@DesolateCSGO That iBP one looks really sick, would love to see that!",1368335028460150786,"@DesolateCSGO That iBP one looks really sick, would love to see that!","['@USER', 'That', 'iBP', 'one', 'looks', 'really', 'sick', ',', 'would', 'love', 'to', 'see', 'that', '!']","O,O,O,O,O,O,O,O,O,O,O,O,O,O",0,0.9985073
"@jshelat1 I was fine after the first but while I‚Äôve not felt sick today, I am super fatigued. I‚Äôm sure it has nothing to do with 3/4 of a school year teaching online, starting at 5am!",1368335027499634688,"@jshelat1 I was fine after the first but while I've not felt sick today, I am super fatigued. I'm sure it has nothing to do with 3/4 of a school year teaching online, starting at 5am!","['@USER', 'I', 'was', 'fine', 'after', 'the', 'first', 'but', 'while', ""I've"", 'not', 'felt', 'sick', 'today', ',', 'I', 'am', 'super', 'fatigued', '.', ""I'm"", 'sure', 'it', 'has', 'nothing', 'to', 'do', 'with', '3/4', 'of', 'a', 'school', 'year', 'teaching', 'online', ',', 'starting', 'at', '5am', '!']","O,O,O,O,O,O,O,O,O,O,O,O,O,O,O,O,O,O,O,O,O,O,O,O,O,O,O,O,O,O,O,O,O,O,O,O,O,O,O,O",1,0.97002643
"@JaniceDean What Makes Me Sick about the Media‚Äôs so-called journalist is ‚ÄúRanking 3 Sexual Harassment Accusations‚Äù ABOVE HOLDING @NYGovCuomo RESPONSIBLE For The DEATHS of 15,000 Citizens, And Covering Up His Crimes with Concealing Information in a Federal Investigation (Obstructing  Justice)",1368335025113071625,"@JaniceDean What Makes Me Sick about the Media's so-called journalist is ‚ÄúRanking 3 Sexual Harassment Accusations‚Äù ABOVE HOLDING @NYGovCuomo RESPONSIBLE For The DEATHS of 15,000 Citizens, And Covering Up His Crimes with Concealing Information in a Federal Investigation (Obstructing  Justice)","['@USER', 'What', 'Makes', 'Me', 'Sick', 'about', 'the', ""Media's"", 'so-called', 'journalist', 'is', '‚ÄúRanking', '3', 'Sexual', 'Harassment', 'Accusations‚Äù', 'ABOVE', 'HOLDING', '@USER', 'RESPONSIBLE', 'For', 'The', 'DEATHS', 'of', '15', ',', '000', 'Citizens', ',', 'And', 'Covering', 'Up', 'His', 'Crimes', 'with', 'Concealing', 'Information', 'in', 'a', 'Federal', 'Investigation', '(', 'Obstructing', 'Justice', ')']","O,O,O,O,O,O,O,O,O,O,O,O,O,O,O,O,O,O,O,O,O,O,O,O,O,O,O,O,O,O,O,O,O,O,O,O,O,O,O,O,O,O,O,O,O",0,0.99849164
"@drnickgreiner Friend got it sophomore yr of college, terribly sick. Definitely better when little.",1368335009002762249,"@drnickgreiner Friend got it sophomore yr of college, terribly sick. Definitely better when little.","['@USER', 'Friend', 'got', 'it', 'sophomore', 'yr', 'of', 'college', ',', 'terribly', 'sick', '.', 'Definitely', 'better', 'when', 'little', '.']","O,O,O,O,O,O,O,O,O,O,O,O,O,O,O,O,O",0,0.90749484
@HamillHimself Sick burn... üòÇ,1368335001494953984,@HamillHimself Sick burn... üòÇ,"['@USER', 'Sick', 'burn', '.', '.', '.', 'üòÇ']","O,O,O,O,O,O,O",1,0.9492909
@MargaretJosephs So sick of Teresa. I don‚Äôt understand why y‚Äôall are so scared of her!!!,1368335000102387716,@MargaretJosephs So sick of Teresa. I don't understand why y'all are so scared of her!!!,"['@USER', 'So', 'sick', 'of', 'Teresa', '.', 'I', ""don't"", 'understand', 'why', ""y'all"", 'are', 'so', 'scared', 'of', 'her', '!', '!', '!']","O,O,O,O,O,O,O,O,O,O,O,O,O,O,O,O,O,O,O",0,0.9986865
@SenSchumer You take money from jobless people that are out of work at no fault of their own. Cut off $100 of UI and add just 6 days into September but yet you vote on spending money not related to covid. Congress makes me sick!,1368334998185578501,@SenSchumer You take money from jobless people that are out of work at no fault of their own. Cut off $100 of UI and add just 6 days into September but yet you vote on spending money not related to covid. Congress makes me sick!,"['@USER', 'You', 'take', 'money', 'from', 'jobless', 'people', 'that', 'are', 'out', 'of', 'work', 'at', 'no', 'fault', 'of', 'their', 'own', '.', 'Cut', 'off', '$100', 'of', 'UI', 'and', 'add', 'just', '6', 'days', 'into', 'September', 'but', 'yet', 'you', 'vote', 'on', 'spending', 'money', 'not', 'related', 'to', 'covid', '.', 'Congress', 'makes', 'me', 'sick', '!']","O,O,O,O,O,O,O,O,O,O,O,O,O,O,O,O,O,O,O,O,O,O,O,O,O,O,O,O,O,O,O,O,O,O,O,O,O,O,O,O,O,O,O,O,O,O,O,O",0,0.9985703
If anyone knows what goes into the ink of a bonding spell through a tattoo please help me..he won't tell me what he put in it and I don't want to become sick so if anyone has any idea please helpüôèüèΩ,1368334995736104961,If anyone knows what goes into the ink of a bonding spell through a tattoo please help me..he won't tell me what he put in it and I don't want to become sick so if anyone has any idea please helpüôèüèΩ,"['If', 'anyone', 'knows', 'what', 'goes', 'into', 'the', 'ink', 'of', 'a', 'bonding', 'spell', 'through', 'a', 'tattoo', 'please', 'help', 'me', '.', '.', 'he', ""won't"", 'tell', 'me', 'what', 'he', 'put', 'in', 'it', 'and', 'I', ""don't"", 'want', 'to', 'become', 'sick', 'so', 'if', 'anyone', 'has', 'any', 'idea', 'please', 'helpüôèüèΩ']","O,O,O,O,O,O,O,O,O,O,O,O,O,O,O,O,O,O,O,O,O,O,O,O,O,O,O,O,O,O,O,O,O,O,O,O,O,O,O,O,O,O,O,O",0,0.99859005
@nypost How do I block all tweets that have ‚ÄúMeghan Markle‚Äù in them? So very sick of this woman.,1368334995505446914,@nypost How do I block all tweets that have ‚ÄúMeghan Markle‚Äù in them? So very sick of this woman.,"['@USER', 'How', 'do', 'I', 'block', 'all', 'tweets', 'that', 'have', '‚ÄúMeghan', 'Markle‚Äù', 'in', 'them', '?', 'So', 'very', 'sick', 'of', 'this', 'woman', '.']","O,O,O,O,O,O,O,O,O,O,O,O,O,O,O,O,O,O,O,O,O",0,0.9972994
this baby vomit ü§Æ on me and didn‚Äôt buy me a drink . where they do this at? https://t.co/XHOQ9D74OE,1368334992435122176,this baby vomit ü§Æ on me and didn't buy me a drink . where they do this at? https://t.co/XHOQ9D74OE,"['this', 'baby', 'vomit', 'ü§Æ', 'on', 'me', 'and', ""didn't"", 'buy', 'me', 'a', 'drink', '.', 'where', 'they', 'do', 'this', 'at', '?', 'HTTPURL']","O,O,O,O,O,O,O,O,O,O,O,O,O,O,O,O,O,O,O,O",0,0.81625843
@Kleeo59_14 ü§£ü§£ well I'm sick of reading about shitty Republicans Ron Johnson that Simema chick Qanons  and blah.,1368334991931944960,@Kleeo59_14 ü§£ü§£ well I'm sick of reading about shitty Republicans Ron Johnson that Simema chick Qanons  and blah.,"['@USER', 'ü§£ü§£', 'well', ""I'm"", 'sick', 'of', 'reading', 'about', 'shitty', 'Republicans', 'Ron', 'Johnson', 'that', 'Simema', 'chick', 'Qanons', 'and', 'blah', '.']","O,O,O,O,O,O,O,O,O,O,O,O,O,O,O,O,O,O,O",0,0.9985959
‚ÄúI'm about to vomit and I can feel it coming Cause failure's something I can barely stomach And I only listen to my gut So unless you're my belly button Don't tell me nothing...‚Äù,1368334987884433409,‚ÄúI'm about to vomit and I can feel it coming Cause failure's something I can barely stomach And I only listen to my gut So unless you're my belly button Don't tell me nothing...‚Äù,"[""‚ÄúI'm"", 'about', 'to', 'vomit', 'and', 'I', 'can', 'feel', 'it', 'coming', 'Cause', ""failure's"", 'something', 'I', 'can', 'barely', 'stomach', 'And', 'I', 'only', 'listen', 'to', 'my', 'gut', 'So', 'unless', ""you're"", 'my', 'belly', 'button', ""Don't"", 'tell', 'me', 'nothing', '.', '.', '.', '‚Äù']","O,O,O,O,O,O,O,O,O,O,O,O,O,O,O,O,O,O,O,O,O,O,O,O,O,O,O,O,O,O,O,O,O,O,O,O,O,O",0,0.9985298
"@kyrstensinema To make your sick performative bullshit worse, you even parodied John McCain's vote to SAVE affordable health care for many of the same minimum wage workers you just told to go fuck their undeserving poor selves.  You're a fucking monster, and you're GONE in 2024.",1368334984264617985,"@kyrstensinema To make your sick performative bullshit worse, you even parodied John McCain's vote to SAVE affordable health care for many of the same minimum wage workers you just told to go fuck their undeserving poor selves.  You're a fucking monster, and you're GONE in 2024.","['@USER', 'To', 'make', 'your', 'sick', 'performative', 'bullshit', 'worse', ',', 'you', 'even', 'parodied', 'John', ""McCain's"", 'vote', 'to', 'SAVE', 'affordable', 'health', 'care', 'for', 'many', 'of', 'the', 'same', 'minimum', 'wage', 'workers', 'you', 'just', 'told', 'to', 'go', 'fuck', 'their', 'undeserving', 'poor', 'selves', '.', ""You're"", 'a', 'fucking', 'monster', ',', 'and', ""you're"", 'GONE', 'in', '2024', '.']","O,O,O,O,O,O,O,O,O,O,O,O,O,O,O,O,O,O,O,O,O,O,O,O,O,O,O,O,O,O,O,O,O,O,O,O,O,O,O,O,O,O,O,O,O,O,O,O,O,O",0,0.9988784
@woIfstvrs wtf????????? ur sick,1368334981341188098,@woIfstvrs wtf????????? ur sick,"['@USER', 'wtf', '?', '?', '?', '?', '?', '?', '?', '?', '?', 'ur', 'sick']","O,O,O,O,O,O,O,O,O,O,O,O,O",0,0.99725693
me vs still trying to figure out why i can‚Äôt eat a full meal without feeling sick https://t.co/lbOqKrneas,1368334972386308098,me vs still trying to figure out why i can't eat a full meal without feeling sick https://t.co/lbOqKrneas,"['me', 'vs', 'still', 'trying', 'to', 'figure', 'out', 'why', 'i', ""can't"", 'eat', 'a', 'full', 'meal', 'without', 'feeling', 'sick', 'HTTPURL']","O,O,O,O,O,O,O,O,O,O,O,O,O,O,O,O,O,O",0,0.57685053
@politico So... He targeted Sen Tester. It didn't work. @gop @LeaderMcConnell @GOPLeader Aren't you sick to death of the grievances of fired #OrangeMussolini? @lisamurkowski is a fighter...She has been good for Alaska. I would hope Alaskans would side w/the individual who has stood w/them.,1368334966862589953,@politico So... He targeted Sen Tester. It didn't work. @gop @LeaderMcConnell @GOPLeader Aren't you sick to death of the grievances of fired #OrangeMussolini? @lisamurkowski is a fighter...She has been good for Alaska. I would hope Alaskans would side w/the individual who has stood w/them.,"['@USER', 'So', '.', '.', '.', 'He', 'targeted', 'Sen', 'Tester', '.', 'It', ""didn't"", 'work', '.', '@USER', '@USER', '@USER', ""Aren't"", 'you', 'sick', 'to', 'death', 'of', 'the', 'grievances', 'of', 'fired', '#OrangeMussolini', '?', '@USER', 'is', 'a', 'fighter', '.', '.', '.', 'She', 'has', 'been', 'good', 'for', 'Alaska', '.', 'I', 'would', 'hope', 'Alaskans', 'would', 'side', 'w/the', 'individual', 'who', 'has', 'stood', 'w/them', '.']","O,O,O,O,O,O,O,O,O,O,O,O,O,O,O,O,O,O,O,O,O,O,O,O,O,O,O,O,O,O,O,O,O,O,O,O,O,O,O,O,O,O,O,O,O,O,O,O,O,O,O,O,O,O,O,O",0,0.9977095
@IanAlex97153579 @RaheemKassam OH please tell us what he promised to do:  This is what he has done started war killed jobs let infected illegals in the country roll back EOs that protected the sick and victimized hide behind the military  where is: 2K stimulus check forgiven loans 15 hr wage  Sunshine ü§°,1368334965495173121,@IanAlex97153579 @RaheemKassam OH please tell us what he promised to do:  This is what he has done started war killed jobs let infected illegals in the country roll back EOs that protected the sick and victimized hide behind the military  where is: 2K stimulus check forgiven loans 15 hr wage  Sunshine ü§°,"['@USER', '@USER', 'OH', 'please', 'tell', 'us', 'what', 'he', 'promised', 'to', 'do', ':', 'This', 'is', 'what', 'he', 'has', 'done', 'started', 'war', 'killed', 'jobs', 'let', 'infected', 'illegals', 'in', 'the', 'country', 'roll', 'back', 'EOs', 'that', 'protected', 'the', 'sick', 'and', 'victimized', 'hide', 'behind', 'the', 'military', 'where', 'is', ':', '2K', 'stimulus', 'check', 'forgiven', 'loans', '15', 'hr', 'wage', 'Sunshine', 'ü§°']","O,O,O,O,O,O,O,O,O,O,O,O,O,O,O,O,O,O,O,O,O,O,O,O,O,O,O,O,O,O,O,O,O,O,O,O,O,O,O,O,O,O,O,O,O,O,O,O,O,O,O,O,O,O",0,0.9988593
i miss hexagang so much this is sick,1368334962898960384,i miss hexagang so much this is sick,"['i', 'miss', 'hexagang', 'so', 'much', 'this', 'is', 'sick']","O,O,O,O,O,O,O,O",0,0.9985435
@druidDUDE I'm not normally one for uping prices on shit but when the sick numbers go up &amp; the shops etc. make masks mandatory again so if these numbnuts wanna go shopping they need one: up the prices.,1368334958989828097,@druidDUDE I'm not normally one for uping prices on shit but when the sick numbers go up &amp; the shops etc. make masks mandatory again so if these numbnuts wanna go shopping they need one: up the prices.,"['@USER', ""I'm"", 'not', 'normally', 'one', 'for', 'uping', 'prices', 'on', 'shit', 'but', 'when', 'the', 'sick', 'numbers', 'go', 'up', '&amp;', 'the', 'shops', 'etc', '.', 'make', 'masks', 'mandatory', 'again', 'so', 'if', 'these', 'numbnuts', 'wanna', 'go', 'shopping', 'they', 'need', 'one', ':', 'up', 'the', 'prices', '.']","O,O,O,O,O,O,O,O,O,O,O,O,O,O,O,O,O,O,O,O,O,O,O,O,O,O,O,O,O,O,O,O,O,O,O,O,O,O,O,O,O",0,0.9987196
@makarovararat @301_AD These would have been sick might have given us an ok deal to since it aligns with their interests.,1368334946042056710,@makarovararat @301_AD These would have been sick might have given us an ok deal to since it aligns with their interests.,"['@USER', '@USER', 'These', 'would', 'have', 'been', 'sick', 'might', 'have', 'given', 'us', 'an', 'ok', 'deal', 'to', 'since', 'it', 'aligns', 'with', 'their', 'interests', '.']","O,O,O,O,O,O,O,O,O,O,O,O,O,O,O,O,O,O,O,O,O,O",0,0.998755
@Newgrounds @2s_a_party wow this looks sick krinkels would be impressed,1368334929927548931,@Newgrounds @2s_a_party wow this looks sick krinkels would be impressed,"['@USER', '@USER', 'wow', 'this', 'looks', 'sick', 'krinkels', 'would', 'be', 'impressed']","O,O,O,O,O,O,O,O,O,O",0,0.9987962
"https://t.co/VZChCS3sFv Troops got Sick, N.G; and leaders are pissed.",1368334929881309184,"https://t.co/VZChCS3sFv Troops got Sick, N.G; and leaders are pissed.","['HTTPURL', 'Troops', 'got', 'Sick', ',', 'N', '.', 'G;', 'and', 'leaders', 'are', 'pissed', '.']","O,O,O,O,O,O,O,O,O,O,O,O,O",0,0.99873036
"@janet_cutts @SocialM85897394 @ToHull_andback @ITV Like you, I'm sick to death of the whole business and certainly won't be watching",1368334929285808132,"@janet_cutts @SocialM85897394 @ToHull_andback @ITV Like you, I'm sick to death of the whole business and certainly won't be watching","['@USER', '@USER', '@USER', '@USER', 'Like', 'you', ',', ""I'm"", 'sick', 'to', 'death', 'of', 'the', 'whole', 'business', 'and', 'certainly', ""won't"", 'be', 'watching']","O,O,O,O,O,O,O,O,O,O,O,O,O,O,O,O,O,O,O,O",0,0.9985892
"@sunny Let them get sick, just stay away from our hospital and doctors.üòè",1368334919458557955,"@sunny Let them get sick, just stay away from our hospital and doctors.üòè","['@USER', 'Let', 'them', 'get', 'sick', ',', 'just', 'stay', 'away', 'from', 'our', 'hospital', 'and', 'doctors', '.', 'üòè']","O,O,O,O,O,O,O,O,O,O,O,O,O,O,O,O",0,0.99884677
U know what I‚Äôm about to give up on getting hu tao like this is making me sick !,1368334918003032073,U know what I'm about to give up on getting hu tao like this is making me sick !,"['U', 'know', 'what', ""I'm"", 'about', 'to', 'give', 'up', 'on', 'getting', 'hu', 'tao', 'like', 'this', 'is', 'making', 'me', 'sick', '!']","O,O,O,O,O,O,O,O,O,O,O,O,O,O,O,O,O,O,O",0,0.99836546
@JordanChariton Anyone remember when Trump threw a temper tantrum and refused to sign the CARES Act? He went to Mar-a-lago and demanded $2000 long after negotiations &amp; it had passed the House and Senate? Anyone? NOT ONE Republican supported this bill. Sick of GOP blaming Dems for THEIR failures. https://t.co/o9sG4NPVfK,1368334914999910400,@JordanChariton Anyone remember when Trump threw a temper tantrum and refused to sign the CARES Act? He went to Mar-a-lago and demanded $2000 long after negotiations &amp; it had passed the House and Senate? Anyone? NOT ONE Republican supported this bill. Sick of GOP blaming Dems for THEIR failures. https://t.co/o9sG4NPVfK,"['@USER', 'Anyone', 'remember', 'when', 'Trump', 'threw', 'a', 'temper', 'tantrum', 'and', 'refused', 'to', 'sign', 'the', 'CARES', 'Act', '?', 'He', 'went', 'to', 'Mar-a-lago', 'and', 'demanded', '$2000', 'long', 'after', 'negotiations', '&amp;', 'it', 'had', 'passed', 'the', 'House', 'and', 'Senate', '?', 'Anyone', '?', 'NOT', 'ONE', 'Republican', 'supported', 'this', 'bill', '.', 'Sick', 'of', 'GOP', 'blaming', 'Dems', 'for', 'THEIR', 'failures', '.', 'HTTPURL']","O,O,O,O,O,O,O,O,O,O,O,O,O,O,O,O,O,O,O,O,O,O,O,O,O,O,O,O,O,O,O,O,O,O,O,O,O,O,O,O,O,O,O,O,O,O,O,O,O,O,O,O,O,O,O",0,0.99823135
@TaxmanPlayaz Sick track üöÄüöÄ,1368334905915097088,@TaxmanPlayaz Sick track üöÄüöÄ,"['@USER', 'Sick', 'track', 'üöÄüöÄ']","O,O,O,O",1,0.75383425
We‚Äôre so sick of these people. It‚Äôs time for #StarmerOut #DavidEvansOut #angelarayner out! https://t.co/LMj6zcyTTm,1368334905311178759,We're so sick of these people. It's time for #StarmerOut #DavidEvansOut #angelarayner out! https://t.co/LMj6zcyTTm,"[""We're"", 'so', 'sick', 'of', 'these', 'people', '.', ""It's"", 'time', 'for', '#StarmerOut', '#DavidEvansOut', '#angelarayner', 'out', '!', 'HTTPURL']","O,O,O,O,O,O,O,O,O,O,O,O,O,O,O,O",0,0.9987532
Being sick with a sick wife and a sick kid isn't the most ideal way to spend a weekend.,1368334885807665158,Being sick with a sick wife and a sick kid isn't the most ideal way to spend a weekend.,"['Being', 'sick', 'with', 'a', 'sick', 'wife', 'and', 'a', 'sick', 'kid', ""isn't"", 'the', 'most', 'ideal', 'way', 'to', 'spend', 'a', 'weekend', '.']","O,O,O,O,O,O,O,O,O,O,O,O,O,O,O,O,O,O,O,O",0,0.9990256
@MavenOfMayhem they make me sick,1368334885459484674,@MavenOfMayhem they make me sick,"['@USER', 'they', 'make', 'me', 'sick']","O,O,O,O,O",0,0.9949764
@jay_thediamond bro im so sick of you üò≠,1368334885329440770,@jay_thediamond bro im so sick of you üò≠,"['@USER', 'bro', 'im', 'so', 'sick', 'of', 'you', 'üò≠']","O,O,O,O,O,O,O,O",0,0.99818265
"@CeireSha We have a really strong kid. But even he said a few weeks ago he's sick of get up, school work, eat and sleep. Hope you're little un is OK x",1368334884880715778,"@CeireSha We have a really strong kid. But even he said a few weeks ago he's sick of get up, school work, eat and sleep. Hope you're little un is OK x","['@USER', 'We', 'have', 'a', 'really', 'strong', 'kid', '.', 'But', 'even', 'he', 'said', 'a', 'few', 'weeks', 'ago', ""he's"", 'sick', 'of', 'get', 'up', ',', 'school', 'work', ',', 'eat', 'and', 'sleep', '.', 'Hope', ""you're"", 'little', 'un', 'is', 'OK', 'x']","O,O,O,O,O,O,O,O,O,O,O,O,O,O,O,O,O,O,O,O,O,O,O,O,O,O,O,O,O,O,O,O,O,O,O,O",0,0.9980703
@phrenectomy this is so sick,1368334880493481988,@phrenectomy this is so sick,"['@USER', 'this', 'is', 'so', 'sick']","O,O,O,O,O",0,0.99836975
"@SonicStarGenie I know it's hard, but it's for your health and well being, Obesity is a horrible way to live, i'm a bit over 200, 214 last i checked, and lemme say, keep working out and lose the pounds, if you don't you could die, and i don't want to see you become sick.",1368334875028295682,"@SonicStarGenie I know it's hard, but it's for your health and well being, Obesity is a horrible way to live, i'm a bit over 200, 214 last i checked, and lemme say, keep working out and lose the pounds, if you don't you could die, and i don't want to see you become sick.","['@USER', 'I', 'know', ""it's"", 'hard', ',', 'but', ""it's"", 'for', 'your', 'health', 'and', 'well', 'being', ',', 'Obesity', 'is', 'a', 'horrible', 'way', 'to', 'live', ',', ""i'm"", 'a', 'bit', 'over', '200', ',', '214', 'last', 'i', 'checked', ',', 'and', 'lemme', 'say', ',', 'keep', 'working', 'out', 'and', 'lose', 'the', 'pounds', ',', 'if', 'you', ""don't"", 'you', 'could', 'die', ',', 'and', 'i', ""don't"", 'want', 'to', 'see', 'you', 'become', 'sick', '.']","O,O,O,O,O,O,O,O,O,O,O,O,O,O,O,O,O,O,O,O,O,O,O,O,O,O,O,O,O,O,O,O,O,O,O,O,O,O,O,O,O,O,O,O,O,O,O,O,O,O,O,O,O,O,O,O,O,O,O,O,O,O,O",0,0.997509
I‚Äôm sick https://t.co/2GKRuhFwwz,1368334872893218818,I'm sick https://t.co/2GKRuhFwwz,"[""I'm"", 'sick', 'HTTPURL']","O,O,O",0,0.99836546
@CocoMuir_ That hoodie is sick wow. I wish I had one.,1368334858687234048,@CocoMuir_ That hoodie is sick wow. I wish I had one.,"['@USER', 'That', 'hoodie', 'is', 'sick', 'wow', '.', 'I', 'wish', 'I', 'had', 'one', '.']","O,O,O,O,O,O,O,O,O,O,O,O,O",0,0.9669147
"I‚Äôm having my first guest over, since quarantine happened last yr. I‚Äôm kinda nervous. I take the virus seriously.... but I‚Äôm all fairness, I think I was one of the first people to contact Covid last yr in March. I never tested but I was super sick I almost died.",1368334852018249728,"I'm having my first guest over, since quarantine happened last yr. I'm kinda nervous. I take the virus seriously.... but I'm all fairness, I think I was one of the first people to contact Covid last yr in March. I never tested but I was super sick I almost died.","[""I'm"", 'having', 'my', 'first', 'guest', 'over', ',', 'since', 'quarantine', 'happened', 'last', 'yr', '.', ""I'm"", 'kinda', 'nervous', '.', 'I', 'take', 'the', 'virus', 'seriously', '.', '.', '.', '.', 'but', ""I'm"", 'all', 'fairness', ',', 'I', 'think', 'I', 'was', 'one', 'of', 'the', 'first', 'people', 'to', 'contact', 'Covid', 'last', 'yr', 'in', 'March', '.', 'I', 'never', 'tested', 'but', 'I', 'was', 'super', 'sick', 'I', 'almost', 'died', '.']","O,O,O,O,O,O,O,O,O,O,O,O,O,O,O,O,O,O,O,O,O,O,O,O,O,O,O,O,O,O,O,O,O,O,O,O,O,O,O,O,O,O,O,O,O,O,O,O,O,O,O,O,O,O,O,O,O,O,O,O",0,0.9908047
"@AlmostMedia @alexlmiller That's a tad unfair. It's one thing if the meal caused the food poisoning. But unless I'm wildly underestimating Alex's cooking ability I'm fairly certain his ribs didn't cause the insurrection.  Also, ""insurrection ribs"" is a great name for a dish.",1368334850588110848,"@AlmostMedia @alexlmiller That's a tad unfair. It's one thing if the meal caused the food poisoning. But unless I'm wildly underestimating Alex's cooking ability I'm fairly certain his ribs didn't cause the insurrection.  Also, ""insurrection ribs"" is a great name for a dish.","['@USER', '@USER', ""That's"", 'a', 'tad', 'unfair', '.', ""It's"", 'one', 'thing', 'if', 'the', 'meal', 'caused', 'the', 'food', 'poisoning', '.', 'But', 'unless', ""I'm"", 'wildly', 'underestimating', ""Alex's"", 'cooking', 'ability', ""I'm"", 'fairly', 'certain', 'his', 'ribs', ""didn't"", 'cause', 'the', 'insurrection', '.', 'Also', ',', '""', 'insurrection', 'ribs', '""', 'is', 'a', 'great', 'name', 'for', 'a', 'dish', '.']","O,O,O,O,O,O,O,O,O,O,O,O,O,O,O,O,O,O,O,O,O,O,O,O,O,O,O,O,O,O,O,O,O,O,O,O,O,O,O,O,O,O,O,O,O,O,O,O,O,O",0,0.9654919
"@Maxwell02720596 @jimstewartson @projectthinkin No.  I follow @patriottakes for that.(thank you PT!) But I know it is sick, twisted, vile. Often inexplicable. I know anonymity helps things go really dark, really quickly. There will always be sociopaths, racists, conspiracy promoters...&amp; worse. But I‚Äôm not yet beyond hope. #TTP",1368334846313988099,"@Maxwell02720596 @jimstewartson @projectthinkin No.  I follow @patriottakes for that.(thank you PT!) But I know it is sick, twisted, vile. Often inexplicable. I know anonymity helps things go really dark, really quickly. There will always be sociopaths, racists, conspiracy promoters...&amp; worse. But I'm not yet beyond hope. #TTP","['@USER', '@USER', '@USER', 'No', '.', 'I', 'follow', '@USER', 'for', 'that', '.', '(', 'thank', 'you', 'PT', '!', ')', 'But', 'I', 'know', 'it', 'is', 'sick', ',', 'twisted', ',', 'vile', '.', 'Often', 'inexplicable', '.', 'I', 'know', 'anonymity', 'helps', 'things', 'go', 'really', 'dark', ',', 'really', 'quickly', '.', 'There', 'will', 'always', 'be', 'sociopaths', ',', 'racists', ',', 'conspiracy', 'promoters', '.', '.', '.', '&amp;', 'worse', '.', 'But', ""I'm"", 'not', 'yet', 'beyond', 'hope', '.', '#TTP']","O,O,O,O,O,O,O,O,O,O,O,O,O,O,O,O,O,O,O,O,O,O,O,O,O,O,O,O,O,O,O,O,O,O,O,O,O,O,O,O,O,O,O,O,O,O,O,O,O,O,O,O,O,O,O,O,O,O,O,O,O,O,O,O,O,O,O",0,0.9988048
"@JosephR98419741 @zu326 @AOC Couldn't agree more.  Its an ideological war being played by the radical left, and they're using compassion for the oppressed as a political trojan horse. Truly sick.  And they won't engage in discussion because you either agree with them, or you're a nazi.",1368334839892574216,"@JosephR98419741 @zu326 @AOC Couldn't agree more.  Its an ideological war being played by the radical left, and they're using compassion for the oppressed as a political trojan horse. Truly sick.  And they won't engage in discussion because you either agree with them, or you're a nazi.","['@USER', '@USER', '@USER', ""Couldn't"", 'agree', 'more', '.', 'Its', 'an', 'ideological', 'war', 'being', 'played', 'by', 'the', 'radical', 'left', ',', 'and', ""they're"", 'using', 'compassion', 'for', 'the', 'oppressed', 'as', 'a', 'political', 'trojan', 'horse', '.', 'Truly', 'sick', '.', 'And', 'they', ""won't"", 'engage', 'in', 'discussion', 'because', 'you', 'either', 'agree', 'with', 'them', ',', 'or', ""you're"", 'a', 'nazi', '.']","O,O,O,O,O,O,O,O,O,O,O,O,O,O,O,O,O,O,O,O,O,O,O,O,O,O,O,O,O,O,O,O,O,O,O,O,O,O,O,O,O,O,O,O,O,O,O,O,O,O,O,O",0,0.9982381
"@FlorenceEssie @fie_am @etrelldav these people are sick in the head which proves they don‚Äôt have real friendships. Besides, they don‚Äôt even know soulmates have different meanings which validates their ignorance. Hell let them think whatever they want. Sh*t they don‚Äôt know us from a bag of rocks. ü§ûüèΩ‚ù§Ô∏è",1368334837384441858,"@FlorenceEssie @fie_am @etrelldav these people are sick in the head which proves they don't have real friendships. Besides, they don't even know soulmates have different meanings which validates their ignorance. Hell let them think whatever they want. Sh*t they don't know us from a bag of rocks. ü§ûüèΩ‚ù§Ô∏è","['@USER', '@USER', '@USER', 'these', 'people', 'are', 'sick', 'in', 'the', 'head', 'which', 'proves', 'they', ""don't"", 'have', 'real', 'friendships', '.', 'Besides', ',', 'they', ""don't"", 'even', 'know', 'soulmates', 'have', 'different', 'meanings', 'which', 'validates', 'their', 'ignorance', '.', 'Hell', 'let', 'them', 'think', 'whatever', 'they', 'want', '.', 'Sh*t', 'they', ""don't"", 'know', 'us', 'from', 'a', 'bag', 'of', 'rocks', '.', 'ü§ûüèΩ‚ù§Ô∏è']","O,O,O,O,O,O,O,O,O,O,O,O,O,O,O,O,O,O,O,O,O,O,O,O,O,O,O,O,O,O,O,O,O,O,O,O,O,O,O,O,O,O,O,O,O,O,O,O,O,O,O,O,O",0,0.99826825
@quietale @bigfuckinhater a fan w cancer asked to ft her and she was like ‚Äòdm me‚Äô and then she blocked them??! like she‚Äôs so sick,1368334828429578244,@quietale @bigfuckinhater a fan w cancer asked to ft her and she was like ‚Äòdm me' and then she blocked them??! like she's so sick,"['@USER', '@USER', 'a', 'fan', 'w', 'cancer', 'asked', 'to', 'ft', 'her', 'and', 'she', 'was', 'like', '‚Äòdm', ""me'"", 'and', 'then', 'she', 'blocked', 'them', '?', '?', '!', 'like', ""she's"", 'so', 'sick']","O,O,O,O,O,O,O,O,O,O,O,O,O,O,O,O,O,O,O,O,O,O,O,O,O,O,O,O",0,0.9985197
@angrylatinafrvr the superstraight hashtag is making me sick,1368334827498450947,@angrylatinafrvr the superstraight hashtag is making me sick,"['@USER', 'the', 'superstraight', 'hashtag', 'is', 'making', 'me', 'sick']","O,O,O,O,O,O,O,O",0,0.9987834
twitter actually really sick for not letting you delete messages in dm‚Äôs,1368334821940924419,twitter actually really sick for not letting you delete messages in dm's,"['twitter', 'actually', 'really', 'sick', 'for', 'not', 'letting', 'you', 'delete', 'messages', 'in', ""dm's""]","O,O,O,O,O,O,O,O,O,O,O,O",0,0.9987814
You sick shits need to stop with the drama and mind your own business.,1368334816404443138,You sick shits need to stop with the drama and mind your own business.,"['You', 'sick', 'shits', 'need', 'to', 'stop', 'with', 'the', 'drama', 'and', 'mind', 'your', 'own', 'business', '.']","O,O,O,O,O,O,O,O,O,O,O,O,O,O,O",0,0.9988223
Kilian Princess is being discontinued and there are no more full sizes available anywhere... I‚Äôm sick.,1368334811870461960,Kilian Princess is being discontinued and there are no more full sizes available anywhere... I'm sick.,"['Kilian', 'Princess', 'is', 'being', 'discontinued', 'and', 'there', 'are', 'no', 'more', 'full', 'sizes', 'available', 'anywhere', '.', '.', '.', ""I'm"", 'sick', '.']","O,O,O,O,O,O,O,O,O,O,O,O,O,O,O,O,O,O,O,O",0,0.9957949
"@SteelerGirl68 They don't gaf about anyone suffering during this pandemic but the rich get tax cuts to try and ""provide jobs"" without any clause in the bill to hold them accountable and ACTUALLY ensuring they follow through and or pay their employees what they deserve, im sick of it",1368334811136462849,"@SteelerGirl68 They don't gaf about anyone suffering during this pandemic but the rich get tax cuts to try and ""provide jobs"" without any clause in the bill to hold them accountable and ACTUALLY ensuring they follow through and or pay their employees what they deserve, im sick of it","['@USER', 'They', ""don't"", 'gaf', 'about', 'anyone', 'suffering', 'during', 'this', 'pandemic', 'but', 'the', 'rich', 'get', 'tax', 'cuts', 'to', 'try', 'and', '""', 'provide', 'jobs', '""', 'without', 'any', 'clause', 'in', 'the', 'bill', 'to', 'hold', 'them', 'accountable', 'and', 'ACTUALLY', 'ensuring', 'they', 'follow', 'through', 'and', 'or', 'pay', 'their', 'employees', 'what', 'they', 'deserve', ',', 'im', 'sick', 'of', 'it']","O,O,O,O,O,O,O,O,O,O,O,O,O,O,O,O,O,O,O,O,O,O,O,O,O,O,O,O,O,O,O,O,O,O,O,O,O,O,O,O,O,O,O,O,O,O,O,O,O,O,O,O",0,0.998547
@crazyterrain She was sick for that,1368334809320353794,@crazyterrain She was sick for that,"['@USER', 'She', 'was', 'sick', 'for', 'that']","O,O,O,O,O,O",0,0.99833256
@ImSpeaking13 Here name just makes me sick üòë,1368334806359085057,@ImSpeaking13 Here name just makes me sick üòë,"['@USER', 'Here', 'name', 'just', 'makes', 'me', 'sick', 'üòë']","O,O,O,O,O,O,O,O",0,0.9959241
@Judekarma909 My Grandsons parents got their second shot yesterday.  They are both sick as shit. I tested positive a few months back and never had a sniffle.  Not really selling me at this point.,1368334802227716097,@Judekarma909 My Grandsons parents got their second shot yesterday.  They are both sick as shit. I tested positive a few months back and never had a sniffle.  Not really selling me at this point.,"['@USER', 'My', 'Grandsons', 'parents', 'got', 'their', 'second', 'shot', 'yesterday', '.', 'They', 'are', 'both', 'sick', 'as', 'shit', '.', 'I', 'tested', 'positive', 'a', 'few', 'months', 'back', 'and', 'never', 'had', 'a', 'sniffle', '.', 'Not', 'really', 'selling', 'me', 'at', 'this', 'point', '.']","O,O,O,O,O,O,O,O,O,O,O,O,O,O,O,O,O,O,O,O,O,O,O,O,O,O,O,O,O,O,O,O,O,O,O,O,O,O",1,0.85280883
"@Jim_Jordan You are definitely not a Neanderthal. They cared for each, other took care of their sick and elderly. You and your ilk are low rent Sith.",1368334800751300610,"@Jim_Jordan You are definitely not a Neanderthal. They cared for each, other took care of their sick and elderly. You and your ilk are low rent Sith.","['@USER', 'You', 'are', 'definitely', 'not', 'a', 'Neanderthal', '.', 'They', 'cared', 'for', 'each', ',', 'other', 'took', 'care', 'of', 'their', 'sick', 'and', 'elderly', '.', 'You', 'and', 'your', 'ilk', 'are', 'low', 'rent', 'Sith', '.']","O,O,O,O,O,O,O,O,O,O,O,O,O,O,O,O,O,O,O,O,O,O,O,O,O,O,O,O,O,O,O",0,0.9972791
"@gaslightingwom1 Like many, getting heartily sick of this manufactured, narcissistic 'me, fucking me, and more fucking me' snowflake woke shit. Extremely wearisome.",1368334794308878338,"@gaslightingwom1 Like many, getting heartily sick of this manufactured, narcissistic 'me, fucking me, and more fucking me' snowflake woke shit. Extremely wearisome.","['@USER', 'Like', 'many', ',', 'getting', 'heartily', 'sick', 'of', 'this', 'manufactured', ',', 'narcissistic', ""'me"", ',', 'fucking', 'me', ',', 'and', 'more', 'fucking', ""me'"", 'snowflake', 'woke', 'shit', '.', 'Extremely', 'wearisome', '.']","O,O,O,O,O,O,O,O,O,O,O,O,O,O,O,O,O,O,O,O,O,O,O,O,O,O,O,O",0,0.9987973
@SBSNews Go the hell away I‚Äôm sick to death of this I‚Äôm not interested not go to.   But bugger off once and for all...,1368334793021157377,@SBSNews Go the hell away I'm sick to death of this I'm not interested not go to.   But bugger off once and for all...,"['@USER', 'Go', 'the', 'hell', 'away', ""I'm"", 'sick', 'to', 'death', 'of', 'this', ""I'm"", 'not', 'interested', 'not', 'go', 'to', '.', 'But', 'bugger', 'off', 'once', 'and', 'for', 'all', '.', '.', '.']","O,O,O,O,O,O,O,O,O,O,O,O,O,O,O,O,O,O,O,O,O,O,O,O,O,O,O,O",0,0.9986369
"@ifthisistheend my brother!! he actually has more right next to those once‚Äôs, including a really sick legitimate LOTR dagger",1368334791200944134,"@ifthisistheend my brother!! he actually has more right next to those once's, including a really sick legitimate LOTR dagger","['@USER', 'my', 'brother', '!', '!', 'he', 'actually', 'has', 'more', 'right', 'next', 'to', 'those', ""once's"", ',', 'including', 'a', 'really', 'sick', 'legitimate', 'LOTR', 'dagger']","O,O,O,O,O,O,O,O,O,O,O,O,O,O,O,O,O,O,O,O,O,O",0,0.99588805
all men don‚Äôt cheat but that 98.7% of y‚Äôall that do make me sick,1368334789678338057,all men don't cheat but that 98.7% of y'all that do make me sick,"['all', 'men', ""don't"", 'cheat', 'but', 'that', '98', '.', '7%', 'of', ""y'all"", 'that', 'do', 'make', 'me', 'sick']","O,O,O,O,O,O,O,O,O,O,O,O,O,O,O,O",0,0.9983529
This is the reason why I will never be a solo stan. This whole mentions and hashtag thing makes me feel sick actually like it's too much. I will never understand.,1368334788281655296,This is the reason why I will never be a solo stan. This whole mentions and hashtag thing makes me feel sick actually like it's too much. I will never understand.,"['This', 'is', 'the', 'reason', 'why', 'I', 'will', 'never', 'be', 'a', 'solo', 'stan', '.', 'This', 'whole', 'mentions', 'and', 'hashtag', 'thing', 'makes', 'me', 'feel', 'sick', 'actually', 'like', ""it's"", 'too', 'much', '.', 'I', 'will', 'never', 'understand', '.']","O,O,O,O,O,O,O,O,O,O,O,O,O,O,O,O,O,O,O,O,O,O,O,O,O,O,O,O,O,O,O,O,O,O",0,0.9986137
@mushroom_vomit TRUE sigh,1368334787941916672,@mushroom_vomit TRUE sigh,"['@USER', 'TRUE', 'sigh']","O,O,O",0,0.99280953
To my twitch followers I will not be on tonight do to the fact that my sick sorry,1368334781734297601,To my twitch followers I will not be on tonight do to the fact that my sick sorry,"['To', 'my', 'twitch', 'followers', 'I', 'will', 'not', 'be', 'on', 'tonight', 'do', 'to', 'the', 'fact', 'that', 'my', 'sick', 'sorry']","O,O,O,O,O,O,O,O,O,O,O,O,O,O,O,O,O,O",0,0.9986272
@Theresaroets911 Omg they are sick people ugh,1368334781264625664,@Theresaroets911 Omg they are sick people ugh,"['@USER', 'Omg', 'they', 'are', 'sick', 'people', 'ugh']","O,O,O,O,O,O,O",0,0.9949262
@TheUnionJohn1 Sick,1368334780023115786,@TheUnionJohn1 Sick,"['@USER', 'Sick']","O,O",0,0.99120444
"@ItsMrsRabbitToU Hi Jessica, So sorry you and your precious family are sick , here is some medication to keep in the house for nausea ( Zofran)Also the ginger candy &amp; peppermint drops can help , plus Ginger ale &amp; saltine crackers , &amp; jello. Get well quickly.‚ù§Ô∏èüôèüëç  https://t.co/9raDyzLzMT https://t.co/cDtGdLVYfO",1368334768157253633,"@ItsMrsRabbitToU Hi Jessica, So sorry you and your precious family are sick , here is some medication to keep in the house for nausea ( Zofran)Also the ginger candy &amp; peppermint drops can help , plus Ginger ale &amp; saltine crackers , &amp; jello. Get well quickly.‚ù§Ô∏èüôèüëç  https://t.co/9raDyzLzMT https://t.co/cDtGdLVYfO","['@USER', 'Hi', 'Jessica', ',', 'So', 'sorry', 'you', 'and', 'your', 'precious', 'family', 'are', 'sick', ',', 'here', 'is', 'some', 'medication', 'to', 'keep', 'in', 'the', 'house', 'for', 'nausea', '(', 'Zofran', ')', 'Also', 'the', 'ginger', 'candy', '&amp;', 'peppermint', 'drops', 'can', 'help', ',', 'plus', 'Ginger', 'ale', '&amp;', 'saltine', 'crackers', ',', '&amp;', 'jello', '.', 'Get', 'well', 'quickly', '.', '‚ù§Ô∏èüôèüëç', 'HTTPURL', 'HTTPURL']","O,O,O,O,O,O,O,O,O,O,O,O,O,O,O,O,O,O,O,O,O,O,O,O,O,O,O,O,O,O,O,O,O,O,O,O,O,O,O,O,O,O,O,O,O,O,O,O,O,O,O,O,O,O,O",0,0.9149764
These people are evil and sick! https://t.co/BAS240y9Mn,1368334757013188608,These people are evil and sick! https://t.co/BAS240y9Mn,"['These', 'people', 'are', 'evil', 'and', 'sick', '!', 'HTTPURL']","O,O,O,O,O,O,O,O",0,0.9983491
ryan trousers is a sick man https://t.co/6HACz5y4o4,1368334753926111232,ryan trousers is a sick man https://t.co/6HACz5y4o4,"['ryan', 'trousers', 'is', 'a', 'sick', 'man', 'HTTPURL']","O,O,O,O,O,O,O",0,0.9985025
"@BrendonMilligan @john_sipher @_SalmanAnwar Yea, I hate the teeth joke. Cosmetically they aren't concerned but when it comes to health of teeth they are one of the best in the world. Pretty much just sick of hearing over a decade of jokes about my English husbands teeth. When people haven't even met him.",1368334749002051595,"@BrendonMilligan @john_sipher @_SalmanAnwar Yea, I hate the teeth joke. Cosmetically they aren't concerned but when it comes to health of teeth they are one of the best in the world. Pretty much just sick of hearing over a decade of jokes about my English husbands teeth. When people haven't even met him.","['@USER', '@USER', '@USER', 'Yea', ',', 'I', 'hate', 'the', 'teeth', 'joke', '.', 'Cosmetically', 'they', ""aren't"", 'concerned', 'but', 'when', 'it', 'comes', 'to', 'health', 'of', 'teeth', 'they', 'are', 'one', 'of', 'the', 'best', 'in', 'the', 'world', '.', 'Pretty', 'much', 'just', 'sick', 'of', 'hearing', 'over', 'a', 'decade', 'of', 'jokes', 'about', 'my', 'English', 'husbands', 'teeth', '.', 'When', 'people', ""haven't"", 'even', 'met', 'him', '.']","O,O,O,O,O,O,O,O,O,O,O,O,O,O,O,O,O,O,O,O,O,O,O,O,O,O,O,O,O,O,O,O,O,O,O,O,O,O,O,O,O,O,O,O,O,O,O,O,O,O,O,O,O,O,O,O,O",0,0.99843603
this is so sick and twisted i jist want my coffee and i drank all of it earlier today and didn't know and i put my ice and everything and now i have no coffee so sick and twisted im having a crisis i need my coffee,1368334740936404993,this is so sick and twisted i jist want my coffee and i drank all of it earlier today and didn't know and i put my ice and everything and now i have no coffee so sick and twisted im having a crisis i need my coffee,"['this', 'is', 'so', 'sick', 'and', 'twisted', 'i', 'jist', 'want', 'my', 'coffee', 'and', 'i', 'drank', 'all', 'of', 'it', 'earlier', 'today', 'and', ""didn't"", 'know', 'and', 'i', 'put', 'my', 'ice', 'and', 'everything', 'and', 'now', 'i', 'have', 'no', 'coffee', 'so', 'sick', 'and', 'twisted', 'im', 'having', 'a', 'crisis', 'i', 'need', 'my', 'coffee']","O,O,O,O,O,O,O,O,O,O,O,O,O,O,O,O,O,O,O,O,O,O,O,O,O,O,O,O,O,O,O,O,O,O,O,O,O,O,O,O,O,O,O,O,O,O,O",1,0.7175079
So in one year all they‚Äôve managed to do is add a vomit coloured tick and two lines on either side? Nike are a disgrace https://t.co/4lG0CCAHNx,1368334740894277633,So in one year all they've managed to do is add a vomit coloured tick and two lines on either side? Nike are a disgrace https://t.co/4lG0CCAHNx,"['So', 'in', 'one', 'year', 'all', ""they've"", 'managed', 'to', 'do', 'is', 'add', 'a', 'vomit', 'coloured', 'tick', 'and', 'two', 'lines', 'on', 'either', 'side', '?', 'Nike', 'are', 'a', 'disgrace', 'HTTPURL']","O,O,O,O,O,O,O,O,O,O,O,O,O,O,O,O,O,O,O,O,O,O,O,O,O,O,O",0,0.99880755
"Wow. Holy shit, he is definitely one to watch, has a sick personality too. Great fight #UFC259 https://t.co/d2wcfm10aX",1368334736075206657,"Wow. Holy shit, he is definitely one to watch, has a sick personality too. Great fight #UFC259 https://t.co/d2wcfm10aX","['Wow', '.', 'Holy', 'shit', ',', 'he', 'is', 'definitely', 'one', 'to', 'watch', ',', 'has', 'a', 'sick', 'personality', 'too', '.', 'Great', 'fight', '#UFC259', 'HTTPURL']","O,O,O,O,O,O,O,O,O,O,O,O,O,O,O,O,O,O,O,O,O,O",0,0.99807173
One time I drank half a bottle of cbd oil and just got diarrhea,1368334728059883522,One time I drank half a bottle of cbd oil and just got diarrhea,"['One', 'time', 'I', 'drank', 'half', 'a', 'bottle', 'of', 'cbd', 'oil', 'and', 'just', 'got', 'diarrhea']","O,O,O,O,O,O,O,O,B-food,O,O,O,O,B-symptom",1,0.930655
@tanisha_ann Just sick üòÇü•¥,1368334723811078145,@tanisha_ann Just sick üòÇü•¥,"['@USER', 'Just', 'sick', 'üòÇü•¥']","O,O,O,O",0,0.8771092
@licklerat YOOOO THATS SICK WHAT FLAVOR,1368334713144942605,@licklerat YOOOO THATS SICK WHAT FLAVOR,"['@USER', 'YOOOO', 'THATS', 'SICK', 'WHAT', 'FLAVOR']","O,O,O,O,O,O",0,0.9962857
@futureMDrach Puking into a bucket from the comfort of your own bed is the superior way to be sick anyway.,1368334713069342722,@futureMDrach Puking into a bucket from the comfort of your own bed is the superior way to be sick anyway.,"['@USER', 'Puking', 'into', 'a', 'bucket', 'from', 'the', 'comfort', 'of', 'your', 'own', 'bed', 'is', 'the', 'superior', 'way', 'to', 'be', 'sick', 'anyway', '.']","O,O,O,O,O,O,O,O,O,O,O,O,O,O,O,O,O,O,O,O,O",0,0.9977969
@Shreliz @NwoReality Not send pictures to your sick twisted mind. This isnt right.,1368334711844651008,@Shreliz @NwoReality Not send pictures to your sick twisted mind. This isnt right.,"['@USER', '@USER', 'Not', 'send', 'pictures', 'to', 'your', 'sick', 'twisted', 'mind', '.', 'This', 'isnt', 'right', '.']","O,O,O,O,O,O,O,O,O,O,O,O,O,O,O",0,0.9963152
@chisportsfan_ @Jack31Shea @usethemetrics This fucking group of talentless pieces of shit should never play fucking basketball again. Makes me sick.,1368334708338212865,@chisportsfan_ @Jack31Shea @usethemetrics This fucking group of talentless pieces of shit should never play fucking basketball again. Makes me sick.,"['@USER', '@USER', '@USER', 'This', 'fucking', 'group', 'of', 'talentless', 'pieces', 'of', 'shit', 'should', 'never', 'play', 'fucking', 'basketball', 'again', '.', 'Makes', 'me', 'sick', '.']","O,O,O,O,O,O,O,O,O,O,O,O,O,O,O,O,O,O,O,O,O,O",0,0.9969791
"@strizy This is fucking sick man, love the color scheme.   I'm definitely using this shit, haha",1368334706350186498,"@strizy This is fucking sick man, love the color scheme.   I'm definitely using this shit, haha","['@USER', 'This', 'is', 'fucking', 'sick', 'man', ',', 'love', 'the', 'color', 'scheme', '.', ""I'm"", 'definitely', 'using', 'this', 'shit', ',', 'haha']","O,O,O,O,O,O,O,O,O,O,O,O,O,O,O,O,O,O,O",0,0.99793005
Gift wrapped these bums the title smh I'm sick. We slapping them next Saturday.,1368334700079628290,Gift wrapped these bums the title smh I'm sick. We slapping them next Saturday.,"['Gift', 'wrapped', 'these', 'bums', 'the', 'title', 'smh', ""I'm"", 'sick', '.', 'We', 'slapping', 'them', 'next', 'Saturday', '.']","O,O,O,O,O,O,O,O,O,O,O,O,O,O,O,O",0,0.99864763
